1,0.42,0.325,0.115,0.314,0.1295,0.0635,0.1,3
2,0.325,0.24,0.085,0.173,0.0795,0.038,0.05,2
0,0.53,0.42,0.17,0.828,0.41,0.208,0.1505,1
2,0.65,0.52,0.21,1.6785,0.6665,0.308,0.46,6
1,0.485,0.345,0.16,0.869,0.3085,0.185,0.319,4
0,0.61,0.475,0.16,1.1155,0.3835,0.223,0.379,5
2,0.59,0.485,0.155,1.0785,0.4535,0.2435,0.31,4
2,0.59,0.455,0.155,0.8855,0.388,0.188,0.275,5
2,0.63,0.48,0.145,1.0115,0.4235,0.237,0.305,7
1,0.445,0.36,0.11,0.4235,0.182,0.0765,0.14,4
0,0.62,0.465,0.14,1.1605,0.6005,0.2195,0.307,4
2,0.6,0.46,0.18,1.14,0.423,0.2575,0.365,5
1,0.58,0.42,0.16,0.728,0.2725,0.19,0.19,9
1,0.315,0.235,0.07,0.149,0.058,0.0325,0.047,2
2,0.615,0.455,0.13,0.9685,0.49,0.182,0.2655,5
1,0.465,0.37,0.12,0.4365,0.188,0.0815,0.147,4
2,0.45,0.325,0.115,0.4305,0.2235,0.0785,0.1155,3
0,0.535,0.4,0.15,0.8045,0.3345,0.2125,0.21,8
0,0.485,0.365,0.12,0.5885,0.27,0.131,0.175,4
0,0.72,0.59,0.205,1.7495,0.7755,0.4225,0.48,6
1,0.47,0.355,0.115,0.4155,0.167,0.084,0.139,2
2,0.475,0.355,0.12,0.48,0.234,0.1015,0.135,3
2,0.62,0.46,0.16,0.9505,0.4915,0.2,0.228,4
0,0.645,0.52,0.19,1.3105,0.58,0.288,0.37,7
2,0.58,0.45,0.15,0.927,0.276,0.1815,0.36,9
0,0.51,0.4,0.12,0.7005,0.347,0.1105,0.195,5
0,0.56,0.46,0.18,0.97,0.342,0.196,0.355,7
1,0.47,0.35,0.135,0.567,0.2315,0.1465,0.1525,6
1,0.37,0.28,0.09,0.2565,0.1255,0.0645,0.0645,1
2,0.695,0.515,0.175,1.5165,0.578,0.4105,0.39,10
0,0.73,0.575,0.185,1.8795,0.931,0.38,0.4825,7
1,0.43,0.34,0.1,0.3405,0.1395,0.0665,0.12,3
1,0.575,0.445,0.17,0.8015,0.3475,0.1465,0.25,4
1,0.55,0.425,0.13,0.664,0.2695,0.163,0.21,3
1,0.575,0.45,0.15,0.858,0.449,0.166,0.215,5
0,0.49,0.38,0.145,0.6725,0.249,0.181,0.21,5
0,0.615,0.465,0.15,0.923,0.4615,0.1825,0.2415,4
0,0.37,0.29,0.115,0.25,0.111,0.057,0.075,4
2,0.45,0.355,0.115,0.478,0.18,0.1185,0.155,5
0,0.515,0.425,0.135,0.712,0.2665,0.1605,0.25,6
1,0.485,0.38,0.12,0.4725,0.2075,0.1075,0.147,1
1,0.4,0.3,0.11,0.2985,0.1375,0.071,0.075,1
2,0.31,0.22,0.085,0.146,0.061,0.0365,0.045,1
1,0.295,0.215,0.07,0.121,0.047,0.0155,0.0405,1
1,0.315,0.23,0.07,0.1145,0.046,0.0235,0.0385,0
0,0.58,0.435,0.155,0.8785,0.425,0.1685,0.2425,5
1,0.545,0.435,0.135,0.7715,0.372,0.148,0.227,3
1,0.37,0.28,0.085,0.198,0.0805,0.0455,0.058,0
2,0.33,0.25,0.09,0.197,0.085,0.041,0.0605,5
1,0.37,0.275,0.08,0.2325,0.093,0.056,0.072,1
1,0.485,0.365,0.125,0.426,0.163,0.0965,0.151,3
0,0.52,0.415,0.145,0.8045,0.3325,0.1725,0.285,5
1,0.36,0.275,0.085,0.1975,0.0745,0.0415,0.07,4
2,0.72,0.57,0.2,1.8275,0.919,0.366,0.485,5
1,0.485,0.415,0.14,0.5705,0.25,0.134,0.185,3
1,0.37,0.275,0.085,0.2045,0.096,0.056,0.08,1
0,0.515,0.39,0.13,0.5755,0.1975,0.13,0.1845,4
0,0.595,0.465,0.14,1.113,0.5175,0.244,0.305,7
2,0.595,0.455,0.15,1.044,0.518,0.2205,0.27,4
1,0.46,0.35,0.11,0.3945,0.1685,0.0865,0.125,4
2,0.44,0.325,0.115,0.39,0.163,0.087,0.113,2
1,0.425,0.34,0.1,0.3515,0.1625,0.082,0.094,2
1,0.37,0.285,0.095,0.226,0.1135,0.0515,0.0675,3
2,0.63,0.505,0.155,1.105,0.492,0.226,0.325,6
0,0.71,0.54,0.205,1.5805,0.802,0.287,0.435,5
0,0.36,0.265,0.09,0.2165,0.096,0.037,0.0735,5
2,0.49,0.355,0.155,0.981,0.465,0.2015,0.2505,3
1,0.47,0.365,0.1,0.411,0.175,0.0855,0.135,3
2,0.56,0.445,0.16,0.8965,0.42,0.2175,0.2215,3
0,0.68,0.55,0.19,1.807,0.8225,0.3655,0.515,6
2,0.52,0.4,0.12,0.823,0.298,0.1805,0.265,10
0,0.55,0.425,0.135,0.8515,0.362,0.196,0.27,9
2,0.63,0.53,0.175,1.4135,0.667,0.2945,0.3555,8
1,0.39,0.3,0.105,0.259,0.0955,0.038,0.085,3
0,0.425,0.35,0.1,0.4425,0.175,0.0755,0.175,2
1,0.505,0.385,0.125,0.596,0.245,0.097,0.21,4
2,0.58,0.445,0.135,0.814,0.3775,0.1915,0.22,4
2,0.63,0.515,0.155,1.259,0.4105,0.197,0.41,8
2,0.47,0.385,0.135,0.5895,0.2765,0.12,0.17,3
0,0.7,0.525,0.19,1.6465,0.8545,0.307,0.3995,4
1,0.585,0.42,0.145,0.6735,0.2895,0.1345,0.22,4
0,0.37,0.285,0.105,0.27,0.1125,0.0585,0.0835,4
1,0.485,0.365,0.09,0.651,0.3165,0.132,0.18,3
2,0.645,0.515,0.16,1.1845,0.506,0.311,0.335,4
0,0.705,0.56,0.17,1.4575,0.607,0.318,0.44,6
2,0.595,0.47,0.175,0.991,0.382,0.2395,0.5,7
1,0.295,0.215,0.085,0.128,0.049,0.034,0.04,1
1,0.6,0.475,0.15,1.12,0.565,0.2465,0.27,5
0,0.615,0.455,0.135,1.059,0.4735,0.263,0.274,4
0,0.62,0.475,0.15,0.9545,0.455,0.1865,0.277,4
0,0.49,0.385,0.125,0.5395,0.2175,0.128,0.165,6
2,0.675,0.51,0.17,1.527,0.809,0.318,0.341,6
2,0.325,0.24,0.075,0.155,0.0475,0.0355,0.06,4
2,0.6,0.51,0.185,1.285,0.6095,0.2745,0.315,4
0,0.495,0.375,0.15,0.597,0.2615,0.135,0.178,6
2,0.58,0.445,0.15,0.9525,0.4315,0.1945,0.287,6
1,0.275,0.2,0.065,0.1165,0.0565,0.013,0.035,2
2,0.415,0.32,0.1,0.3005,0.1215,0.0575,0.104,6
0,0.655,0.515,0.155,1.309,0.524,0.346,0.385,6
1,0.405,0.285,0.09,0.2645,0.1265,0.0505,0.075,1
1,0.405,0.25,0.09,0.2875,0.128,0.063,0.0805,2
2,0.355,0.265,0.085,0.201,0.069,0.053,0.0695,3
2,0.6,0.475,0.17,1.1315,0.508,0.272,0.309,5
2,0.58,0.455,0.17,0.93,0.408,0.259,0.22,4
0,0.45,0.355,0.105,0.5225,0.237,0.1165,0.145,3
0,0.49,0.38,0.125,0.549,0.245,0.1075,0.174,5
1,0.55,0.425,0.145,0.89,0.4325,0.171,0.236,5
1,0.375,0.28,0.085,0.2145,0.0855,0.0485,0.072,2
0,0.64,0.5,0.17,1.2645,0.565,0.3375,0.315,4
1,0.43,0.32,0.11,0.3675,0.1675,0.102,0.105,3
0,0.57,0.42,0.16,0.8875,0.4315,0.1915,0.223,3
1,0.265,0.2,0.065,0.0975,0.04,0.0205,0.028,2
0,0.66,0.525,0.19,1.67,0.6525,0.4875,0.49,6
1,0.36,0.265,0.095,0.2315,0.105,0.046,0.075,2
1,0.315,0.21,0.06,0.125,0.06,0.0375,0.035,0
1,0.31,0.225,0.07,0.1055,0.435,0.015,0.04,0
1,0.305,0.22,0.07,0.141,0.062,0.031,0.037,0
2,0.715,0.565,0.175,1.9525,0.7645,0.4185,0.4135,5
0,0.7,0.545,0.13,1.556,0.6725,0.374,0.195,7
0,0.52,0.46,0.15,1.019,0.523,0.1985,0.254,2
2,0.53,0.43,0.135,0.879,0.28,0.2165,0.25,5
1,0.37,0.28,0.095,0.2655,0.122,0.052,0.08,2
1,0.42,0.32,0.115,0.376,0.169,0.092,0.1,0
0,0.71,0.565,0.195,1.817,0.785,0.492,0.49,6
2,0.545,0.46,0.16,0.8975,0.341,0.1655,0.345,5
1,0.38,0.275,0.11,0.256,0.11,0.0535,0.0755,1
2,0.62,0.485,0.145,1.003,0.4655,0.2195,0.28,6
2,0.335,0.26,0.075,0.22,0.0855,0.04,0.085,1
1,0.425,0.32,0.1,0.3055,0.126,0.06,0.106,2
1,0.56,0.44,0.155,0.811,0.3685,0.178,0.235,6
0,0.53,0.425,0.15,0.8495,0.328,0.232,0.202,3
2,0.665,0.535,0.195,1.606,0.5755,0.388,0.48,9
1,0.4,0.31,0.115,0.314,0.1545,0.0595,0.087,1
2,0.67,0.525,0.2,1.7405,0.6205,0.297,0.657,6
0,0.515,0.4,0.115,0.578,0.191,0.1445,0.17,4
2,0.46,0.36,0.135,0.6105,0.1955,0.107,0.235,9
1,0.55,0.42,0.135,0.816,0.3995,0.1485,0.23,7
2,0.59,0.465,0.135,0.9895,0.4235,0.199,0.28,3
2,0.65,0.515,0.18,1.463,0.658,0.3135,0.4115,6
1,0.175,0.13,0.055,0.0315,0.0105,0.0065,0.0125,0
2,0.625,0.5,0.17,1.0985,0.4645,0.22,0.354,4
2,0.625,0.495,0.175,1.2935,0.5805,0.317,0.355,4
2,0.72,0.6,0.235,2.2385,0.984,0.411,0.621,7
0,0.655,0.51,0.15,1.043,0.4795,0.223,0.305,4
1,0.405,0.305,0.1,0.271,0.0965,0.061,0.091,2
2,0.74,0.58,0.205,2.381,0.8155,0.4695,0.488,7
0,0.595,0.45,0.165,1.081,0.49,0.2525,0.279,7
0,0.615,0.475,0.17,1.1025,0.4695,0.2355,0.345,9
0,0.435,0.35,0.125,0.459,0.197,0.1145,0.145,4
2,0.41,0.325,0.1,0.3555,0.146,0.072,0.105,4
1,0.425,0.3,0.095,0.3515,0.141,0.0775,0.12,3
1,0.45,0.345,0.11,0.47,0.2355,0.0855,0.1135,2
1,0.335,0.255,0.08,0.168,0.079,0.0355,0.05,0
2,0.715,0.55,0.175,1.825,0.938,0.3805,0.44,6
2,0.62,0.47,0.15,1.309,0.587,0.4405,0.325,4
1,0.605,0.47,0.145,0.8025,0.379,0.2265,0.22,4
2,0.49,0.38,0.14,0.7605,0.245,0.167,0.185,5
2,0.39,0.285,0.095,0.271,0.11,0.06,0.08,3
1,0.37,0.28,0.09,0.233,0.0905,0.0545,0.07,6
0,0.53,0.415,0.115,0.5915,0.233,0.1585,0.18,6
2,0.6,0.46,0.155,0.9595,0.4455,0.189,0.295,6
2,0.6,0.48,0.165,0.9165,0.4135,0.1965,0.2725,4
1,0.525,0.4,0.11,0.6275,0.3015,0.126,0.18,3
1,0.525,0.38,0.135,0.615,0.261,0.159,0.175,3
0,0.48,0.385,0.135,0.536,0.1895,0.142,0.173,9
2,0.38,0.235,0.1,0.258,0.1055,0.054,0.08,2
2,0.41,0.3,0.1,0.301,0.124,0.069,0.09,4
1,0.435,0.345,0.12,0.3215,0.13,0.056,0.1185,2
1,0.35,0.255,0.09,0.1785,0.0855,0.0305,0.0525,3
1,0.375,0.28,0.08,0.2345,0.1125,0.0455,0.067,1
2,0.55,0.385,0.13,0.7275,0.343,0.1625,0.19,3
1,0.395,0.3,0.12,0.2995,0.1265,0.068,0.0895,3
0,0.57,0.465,0.18,1.295,0.339,0.2225,0.44,7
2,0.59,0.47,0.135,1.1685,0.539,0.279,0.28,3
1,0.45,0.355,0.11,0.4585,0.194,0.067,0.14,3
1,0.38,0.29,0.085,0.2285,0.088,0.0465,0.075,2
0,0.58,0.445,0.135,0.95,0.484,0.182,0.2325,3
2,0.45,0.35,0.13,0.46,0.174,0.111,0.135,3
0,0.71,0.545,0.175,1.907,0.8725,0.4565,0.475,6
0,0.595,0.47,0.25,1.283,0.462,0.2475,0.445,9
0,0.67,0.505,0.175,1.0145,0.4375,0.271,0.3745,5
0,0.65,0.51,0.155,1.189,0.483,0.278,0.3645,8
2,0.5,0.375,0.15,0.636,0.2535,0.145,0.19,5
0,0.54,0.42,0.14,0.8035,0.38,0.1805,0.21,4
2,0.57,0.44,0.145,0.8815,0.3605,0.1955,0.2735,5
1,0.425,0.325,0.115,0.3685,0.162,0.0865,0.1045,2
2,0.575,0.445,0.145,0.847,0.415,0.1945,0.22,4
1,0.44,0.35,0.135,0.435,0.1815,0.083,0.125,7
1,0.455,0.36,0.115,0.457,0.2085,0.0855,0.147,5
2,0.635,0.515,0.165,1.229,0.5055,0.2975,0.3535,5
2,0.525,0.385,0.1,0.5115,0.246,0.1005,0.1455,3
2,0.55,0.41,0.15,0.785,0.282,0.186,0.275,7
2,0.55,0.45,0.13,0.92,0.378,0.2385,0.29,6
0,0.56,0.455,0.16,0.967,0.4525,0.207,0.274,4
0,0.55,0.43,0.155,0.785,0.289,0.227,0.233,6
2,0.71,0.56,0.175,1.724,0.566,0.4575,0.4625,8
0,0.595,0.475,0.165,1.148,0.444,0.214,0.37,5
2,0.61,0.475,0.175,1.024,0.409,0.261,0.322,4
0,0.53,0.41,0.145,0.8255,0.375,0.204,0.245,4
2,0.515,0.42,0.14,0.769,0.2505,0.154,0.29,8
1,0.335,0.25,0.08,0.1695,0.0695,0.044,0.0495,1
1,0.325,0.2,0.08,0.0995,0.0395,0.0225,0.032,3
2,0.66,0.505,0.165,1.374,0.589,0.351,0.345,5
2,0.6,0.455,0.17,1.1915,0.696,0.2395,0.24,3
2,0.575,0.48,0.15,0.9465,0.4355,0.2605,0.2505,4
1,0.405,0.31,0.065,0.3205,0.1575,0.066,0.088,1
0,0.66,0.505,0.185,1.528,0.69,0.3025,0.441,6
2,0.51,0.41,0.145,0.796,0.3865,0.1815,0.1955,3
0,0.645,0.51,0.18,1.6195,0.7815,0.322,0.4675,7
1,0.435,0.335,0.095,0.298,0.109,0.058,0.115,2
2,0.585,0.45,0.18,0.7995,0.336,0.1855,0.237,3
2,0.625,0.485,0.17,1.437,0.5855,0.293,0.475,6
2,0.465,0.36,0.105,0.488,0.188,0.0845,0.19,5
2,0.66,0.53,0.17,1.3905,0.5905,0.212,0.453,10
2,0.595,0.455,0.145,0.942,0.43,0.182,0.277,6
1,0.565,0.43,0.135,0.8545,0.321,0.1775,0.275,6
1,0.605,0.48,0.155,0.9995,0.425,0.1985,0.3,5
2,0.5,0.4,0.165,0.825,0.254,0.205,0.285,8
2,0.26,0.2,0.065,0.096,0.044,0.027,0.03,1
2,0.345,0.255,0.08,0.169,0.06,0.0425,0.054,5
0,0.46,0.38,0.13,0.639,0.3,0.1525,0.16,6
1,0.43,0.34,0.11,0.3645,0.159,0.0855,0.105,2
0,0.485,0.39,0.1,0.5565,0.2215,0.1155,0.185,4
2,0.575,0.455,0.155,1.013,0.4685,0.2085,0.295,6
1,0.565,0.435,0.155,0.782,0.2715,0.168,0.285,9
0,0.72,0.575,0.17,1.9335,0.913,0.389,0.51,8
0,0.71,0.5,0.15,1.3165,0.6835,0.2815,0.28,5
0,0.435,0.325,0.115,0.3915,0.154,0.094,0.12,2
1,0.515,0.39,0.11,0.531,0.2415,0.098,0.1615,3
2,0.545,0.42,0.145,0.778,0.3745,0.1545,0.205,2
1,0.58,0.445,0.125,0.7095,0.303,0.1405,0.235,4
0,0.36,0.27,0.09,0.1885,0.0845,0.0385,0.055,0
1,0.52,0.4,0.13,0.5825,0.233,0.1365,0.18,5
2,0.57,0.44,0.175,0.9415,0.3805,0.2285,0.283,4
0,0.55,0.44,0.125,0.765,0.33,0.2125,0.245,4
2,0.505,0.405,0.14,0.875,0.2665,0.174,0.285,7
0,0.645,0.52,0.175,1.3345,0.667,0.2665,0.355,5
0,0.385,0.305,0.105,0.3315,0.1365,0.0745,0.1,2
1,0.4,0.31,0.1,0.306,0.13,0.06,0.094,1
2,0.69,0.505,0.2,1.872,0.893,0.4015,0.48,5
1,0.46,0.35,0.105,0.3705,0.1575,0.077,0.114,4
0,0.615,0.475,0.155,1.027,0.447,0.25,0.285,4
2,0.615,0.475,0.155,1.0735,0.4375,0.2585,0.31,6
1,0.465,0.37,0.11,0.445,0.1635,0.096,0.166,2
1,0.375,0.29,0.1,0.219,0.0925,0.038,0.075,1
2,0.505,0.4,0.125,0.77,0.2735,0.159,0.255,8
1,0.485,0.365,0.105,0.5205,0.195,0.123,0.182,3
0,0.56,0.41,0.16,0.8215,0.342,0.184,0.253,4
0,0.52,0.405,0.14,0.6915,0.276,0.137,0.215,6
1,0.425,0.31,0.105,0.365,0.159,0.0825,0.105,1
1,0.47,0.355,0.125,0.499,0.21,0.0985,0.155,3
2,0.35,0.265,0.09,0.2265,0.0995,0.0575,0.065,1
2,0.62,0.485,0.155,1.049,0.462,0.231,0.25,5
0,0.635,0.485,0.19,1.3765,0.634,0.2885,0.406,6
1,0.285,0.21,0.07,0.109,0.044,0.0265,0.033,0
2,0.625,0.49,0.165,1.1165,0.4895,0.2615,0.3325,6
2,0.465,0.375,0.11,0.5,0.21,0.113,0.1505,3
2,0.58,0.45,0.14,0.824,0.3465,0.1765,0.263,5
1,0.26,0.2,0.07,0.092,0.037,0.02,0.03,1
1,0.52,0.41,0.14,0.5995,0.242,0.1375,0.182,6
1,0.495,0.375,0.12,0.589,0.3075,0.1215,0.1405,3
2,0.475,0.395,0.135,0.592,0.2465,0.1645,0.2,8
1,0.5,0.38,0.155,0.6675,0.2745,0.156,0.18,7
0,0.66,0.535,0.205,1.4415,0.5925,0.2775,0.49,5
2,0.565,0.415,0.125,0.667,0.302,0.1545,0.185,2
0,0.51,0.4,0.14,0.8145,0.459,0.1965,0.195,5
0,0.52,0.375,0.135,0.5375,0.221,0.117,0.17,3
1,0.36,0.3,0.085,0.27,0.1185,0.064,0.0745,2
0,0.575,0.46,0.15,0.927,0.333,0.207,0.2985,4
2,0.5,0.41,0.15,0.662,0.2815,0.137,0.22,6
1,0.43,0.35,0.105,0.366,0.1705,0.0855,0.11,1
1,0.445,0.33,0.12,0.347,0.12,0.084,0.105,6
1,0.38,0.3,0.09,0.277,0.1655,0.0625,0.082,1
1,0.46,0.335,0.11,0.444,0.225,0.0745,0.11,3
0,0.655,0.455,0.17,1.2895,0.587,0.3165,0.3415,6
2,0.61,0.45,0.15,0.871,0.407,0.1835,0.25,5
0,0.735,0.565,0.205,2.1275,0.949,0.46,0.565,7
2,0.585,0.46,0.165,1.1135,0.5825,0.2345,0.274,5
0,0.65,0.49,0.155,1.122,0.545,0.228,0.3055,4
2,0.595,0.5,0.165,1.06,0.402,0.28,0.275,6
0,0.545,0.385,0.15,1.1185,0.5425,0.2445,0.2845,4
0,0.675,0.55,0.18,1.6885,0.562,0.3705,0.6,10
2,0.6,0.475,0.175,1.11,0.5105,0.256,0.285,4
0,0.425,0.33,0.115,0.406,0.1635,0.081,0.1355,3
1,0.385,0.305,0.095,0.252,0.0915,0.055,0.09,9
0,0.635,0.51,0.17,1.2235,0.532,0.271,0.354,4
0,0.69,0.58,0.195,1.658,0.708,0.3615,0.4715,5
2,0.62,0.48,0.165,1.0855,0.481,0.2575,0.305,5
2,0.52,0.4,0.12,0.58,0.234,0.1315,0.185,3
0,0.595,0.46,0.155,1.0455,0.4565,0.24,0.3085,5
0,0.675,0.51,0.195,1.382,0.6045,0.3175,0.3965,5
2,0.55,0.43,0.18,0.8265,0.4405,0.159,0.225,5
1,0.495,0.38,0.145,0.5,0.205,0.148,0.1505,3
1,0.415,0.31,0.1,0.2805,0.114,0.0565,0.0975,1
0,0.725,0.53,0.19,1.7315,0.83,0.398,0.405,6
0,0.585,0.465,0.165,0.9355,0.4035,0.2275,0.259,4
1,0.465,0.345,0.11,0.4415,0.1755,0.0905,0.12,2
1,0.4,0.3,0.115,0.318,0.1335,0.0725,0.0935,1
2,0.605,0.47,0.165,1.2315,0.6025,0.262,0.2925,6
1,0.54,0.41,0.135,0.7025,0.31,0.177,0.2,3
0,0.49,0.4,0.145,0.6635,0.21,0.1295,0.2515,8
0,0.665,0.54,0.195,1.764,0.8505,0.3615,0.47,6
1,0.495,0.4,0.145,0.578,0.2545,0.1305,0.1645,3
0,0.6,0.455,0.145,0.8895,0.419,0.1715,0.269,5
0,0.67,0.55,0.155,1.566,0.858,0.339,0.354,5
0,0.59,0.44,0.14,1.007,0.4775,0.2105,0.2925,4
2,0.44,0.375,0.13,0.487,0.226,0.0965,0.155,4
2,0.595,0.46,0.14,0.852,0.4215,0.2255,0.227,4
0,0.62,0.48,0.165,1.0125,0.5325,0.4365,0.324,5
0,0.575,0.445,0.135,0.883,0.381,0.2035,0.26,6
1,0.485,0.375,0.14,0.521,0.2,0.123,0.17,3
2,0.575,0.445,0.17,1.0225,0.549,0.2175,0.228,4
2,0.505,0.395,0.135,0.5915,0.288,0.1315,0.185,7
0,0.62,0.505,0.16,1.3725,0.6285,0.275,0.3685,6
2,0.695,0.545,0.185,1.5715,0.6645,0.3835,0.4505,8
1,0.4,0.305,0.1,0.3415,0.176,0.0625,0.0865,2
2,0.5,0.375,0.145,0.6215,0.274,0.166,0.1485,2
1,0.535,0.455,0.14,1.0015,0.53,0.1765,0.244,4
0,0.645,0.525,0.17,1.37,0.6135,0.283,0.34,5
2,0.57,0.455,0.175,1.02,0.4805,0.2145,0.29,4
0,0.69,0.55,0.2,1.569,0.687,0.3675,0.46,7
1,0.415,0.31,0.09,0.2815,0.1245,0.0615,0.085,1
2,0.39,0.3,0.09,0.3055,0.143,0.0645,0.085,4
0,0.415,0.325,0.115,0.3455,0.1405,0.0765,0.11,4
2,0.695,0.57,0.2,2.033,0.751,0.4255,0.685,10
0,0.49,0.37,0.115,0.541,0.171,0.1175,0.185,6
1,0.38,0.28,0.095,0.2885,0.165,0.0435,0.067,2
0,0.52,0.425,0.15,0.813,0.385,0.2015,0.23,5
0,0.665,0.57,0.185,1.522,0.6965,0.3025,0.405,8
2,0.67,0.51,0.2,1.5945,0.6705,0.3845,0.4505,5
2,0.635,0.5,0.18,1.154,0.4405,0.2315,0.387,4
1,0.44,0.365,0.115,0.501,0.2435,0.084,0.1465,4
0,0.695,0.535,0.2,1.5855,0.667,0.334,0.471,6
2,0.525,0.42,0.155,0.842,0.428,0.1415,0.2045,4
0,0.585,0.455,0.13,0.8755,0.411,0.2065,0.225,3
1,0.47,0.375,0.105,0.468,0.1665,0.108,0.17,5
1,0.295,0.225,0.09,0.1105,0.0405,0.0245,0.032,2
2,0.585,0.455,0.225,1.055,0.3815,0.221,0.365,10
0,0.685,0.54,0.16,1.6675,0.833,0.3775,0.475,6
2,0.43,0.33,0.095,0.34,0.1315,0.085,0.112,9
0,0.655,0.525,0.19,1.3595,0.564,0.3215,0.3985,5
2,0.59,0.5,0.165,1.1045,0.4565,0.2425,0.34,10
1,0.325,0.25,0.075,0.1585,0.075,0.0305,0.0455,1
1,0.3,0.23,0.08,0.1275,0.0435,0.0265,0.04,3
1,0.46,0.34,0.1,0.386,0.1805,0.0875,0.0965,3
0,0.57,0.465,0.16,0.8935,0.3145,0.2575,0.263,5
2,0.515,0.37,0.115,0.6145,0.3415,0.155,0.146,4
0,0.5,0.4,0.14,0.6615,0.2565,0.1755,0.22,3
0,0.525,0.41,0.135,0.7085,0.293,0.1525,0.235,6
1,0.295,0.21,0.08,0.1,0.038,0.026,0.031,3
2,0.66,0.51,0.175,1.218,0.5055,0.303,0.37,6
1,0.55,0.445,0.125,0.672,0.288,0.1365,0.21,6
2,0.59,0.47,0.155,1.1735,0.6245,0.233,0.2595,4
1,0.42,0.325,0.125,0.3915,0.1575,0.1025,0.115,4
2,0.605,0.47,0.16,1.1735,0.4975,0.2405,0.345,7
1,0.385,0.3,0.09,0.308,0.1525,0.056,0.0835,3
2,0.61,0.475,0.165,1.116,0.428,0.2205,0.315,10
0,0.305,0.23,0.08,0.156,0.0675,0.0345,0.048,2
2,0.43,0.345,0.115,0.3045,0.0925,0.055,0.12,6
2,0.63,0.47,0.145,1.1005,0.52,0.26,0.276,4
2,0.555,0.43,0.165,0.7575,0.2735,0.1635,0.275,8
0,0.4,0.3,0.115,0.3025,0.1335,0.0465,0.0935,3
2,0.645,0.505,0.15,1.1605,0.519,0.2615,0.335,5
0,0.675,0.525,0.155,1.4785,0.628,0.3405,0.42,4
1,0.435,0.34,0.12,0.396,0.1775,0.081,0.125,3
1,0.415,0.32,0.11,0.3735,0.175,0.0755,0.109,2
2,0.32,0.24,0.085,0.17,0.0655,0.047,0.049,2
1,0.365,0.275,0.085,0.223,0.098,0.0375,0.075,2
0,0.57,0.445,0.15,0.995,0.504,0.185,0.2505,4
2,0.44,0.32,0.12,0.4565,0.2435,0.092,0.1025,3
2,0.68,0.515,0.16,1.2345,0.618,0.2625,0.325,6
0,0.6,0.475,0.16,1.0265,0.485,0.2495,0.2565,4
1,0.33,0.26,0.08,0.19,0.0765,0.0385,0.065,2
2,0.525,0.425,0.19,0.872,0.4625,0.1725,0.199,4
0,0.63,0.495,0.19,1.1655,0.536,0.2115,0.1625,5
0,0.63,0.475,0.175,1.423,0.4155,0.3385,0.49,9
0,0.43,0.335,0.12,0.444,0.155,0.1145,0.14,8
0,0.58,0.46,0.185,1.017,0.3515,0.2,0.32,5
1,0.545,0.43,0.15,0.7285,0.302,0.1315,0.2545,5
0,0.575,0.42,0.19,1.764,0.914,0.377,0.4095,5
2,0.575,0.455,0.165,0.867,0.3765,0.1805,0.268,3
1,0.52,0.425,0.17,0.6805,0.28,0.174,0.195,5
2,0.695,0.53,0.15,1.477,0.6375,0.3025,0.43,9
2,0.595,0.465,0.125,0.799,0.3245,0.2,0.23,5
2,0.625,0.5,0.18,1.3705,0.645,0.303,0.3705,7
1,0.41,0.32,0.095,0.2905,0.141,0.063,0.073,0
2,0.56,0.43,0.145,0.8995,0.464,0.1775,0.234,4
0,0.62,0.51,0.15,1.456,0.581,0.2875,0.32,8
1,0.585,0.46,0.14,0.7635,0.326,0.153,0.265,4
0,0.36,0.265,0.09,0.2065,0.078,0.057,0.06,3
1,0.265,0.205,0.07,0.1055,0.039,0.041,0.035,0
0,0.655,0.525,0.175,1.348,0.5855,0.2605,0.394,5
2,0.525,0.4,0.13,0.622,0.2655,0.147,0.184,4
1,0.435,0.325,0.12,0.346,0.159,0.084,0.095,2
0,0.545,0.415,0.16,0.7715,0.272,0.1455,0.2765,5
0,0.69,0.54,0.195,1.2525,0.73,0.3975,0.462,7
0,0.595,0.47,0.165,1.0155,0.491,0.1905,0.289,4
0,0.625,0.49,0.175,1.1075,0.4485,0.2165,0.3595,3
1,0.525,0.385,0.13,0.607,0.2355,0.125,0.195,3
2,0.29,0.23,0.075,0.1165,0.043,0.0255,0.04,2
2,0.335,0.265,0.095,0.1975,0.0795,0.0375,0.07,4
0,0.595,0.465,0.145,1.107,0.402,0.2415,0.31,7
0,0.6,0.475,0.155,1.059,0.441,0.19,0.39,6
1,0.4,0.32,0.095,0.348,0.194,0.053,0.087,1
0,0.67,0.52,0.15,1.406,0.519,0.348,0.37,8
1,0.295,0.23,0.08,0.1625,0.065,0.05,0.0385,0
2,0.5,0.38,0.12,0.5765,0.273,0.135,0.145,4
0,0.65,0.495,0.155,1.337,0.615,0.3195,0.335,4
2,0.42,0.335,0.115,0.369,0.171,0.071,0.12,3
0,0.58,0.435,0.14,0.953,0.475,0.2165,0.2095,4
0,0.66,0.53,0.17,1.431,0.622,0.309,0.398,5
2,0.6,0.485,0.175,1.2675,0.4995,0.2815,0.38,8
1,0.36,0.265,0.075,0.1845,0.083,0.0365,0.055,2
2,0.515,0.38,0.175,0.9565,0.325,0.158,0.31,9
2,0.35,0.265,0.09,0.197,0.073,0.0365,0.077,2
1,0.5,0.37,0.115,0.5745,0.306,0.112,0.141,2
2,0.655,0.505,0.165,1.27,0.6035,0.262,0.335,5
2,0.685,0.52,0.165,1.519,0.699,0.3685,0.4,5
0,0.38,0.325,0.11,0.3105,0.12,0.074,0.105,5
0,0.605,0.47,0.155,0.974,0.393,0.224,0.3345,4
0,0.74,0.565,0.205,2.119,0.9655,0.5185,0.482,7
2,0.62,0.495,0.195,1.5145,0.579,0.346,0.5195,10
1,0.5,0.38,0.11,0.494,0.218,0.09,0.1325,2
2,0.615,0.48,0.18,1.1595,0.4845,0.2165,0.325,8
2,0.58,0.43,0.125,0.9115,0.446,0.2075,0.121,5
1,0.375,0.305,0.115,0.2715,0.092,0.074,0.09,3
1,0.46,0.35,0.11,0.4,0.176,0.083,0.1205,2
2,0.64,0.51,0.17,1.3715,0.567,0.307,0.409,5
0,0.385,0.315,0.11,0.286,0.1225,0.0635,0.0835,5
2,0.64,0.575,0.175,1.4585,0.625,0.266,0.4395,6
1,0.505,0.39,0.15,0.685,0.362,0.131,0.156,3
0,0.52,0.405,0.12,0.627,0.2645,0.1415,0.181,6
0,0.625,0.48,0.17,1.3525,0.6235,0.278,0.365,5
1,0.535,0.45,0.155,0.8075,0.3655,0.148,0.2595,5
1,0.525,0.4,0.13,0.6445,0.345,0.1285,0.2,3
0,0.45,0.35,0.135,0.56,0.231,0.137,0.145,8
0,0.585,0.42,0.155,1.034,0.437,0.2225,0.32,6
2,0.67,0.51,0.18,1.68,0.926,0.2975,0.3935,8
2,0.645,0.51,0.195,1.226,0.5885,0.2215,0.3745,5
0,0.515,0.395,0.165,0.7565,0.1905,0.17,0.3205,5
1,0.38,0.3,0.1,0.286,0.1305,0.056,0.09,2
0,0.695,0.56,0.185,1.7715,0.8195,0.331,0.437,5
1,0.55,0.42,0.13,0.636,0.294,0.144,0.1755,3
1,0.505,0.395,0.105,0.551,0.248,0.103,0.171,3
2,0.56,0.45,0.16,0.922,0.432,0.178,0.26,10
2,0.57,0.435,0.125,0.8965,0.383,0.1835,0.275,4
2,0.59,0.45,0.16,0.998,0.445,0.214,0.301,4
2,0.6,0.495,0.175,1.3005,0.6195,0.284,0.3285,6
1,0.42,0.3,0.105,0.316,0.1255,0.07,0.1035,2
2,0.695,0.54,0.195,1.691,0.768,0.363,0.4755,6
2,0.505,0.39,0.105,0.6555,0.2595,0.18,0.19,6
2,0.625,0.47,0.18,1.136,0.451,0.3245,0.305,6
1,0.32,0.235,0.065,0.1385,0.058,0.0225,0.05,0
0,0.71,0.53,0.195,1.8745,0.6755,0.4065,0.6855,7
0,0.37,0.28,0.11,0.2305,0.0945,0.0465,0.075,5
2,0.605,0.47,0.115,1.114,0.3925,0.291,0.31,10
2,0.525,0.41,0.165,0.8005,0.2635,0.1985,0.25,8
1,0.38,0.285,0.085,0.237,0.115,0.0405,0.07,1
0,0.635,0.475,0.15,1.1845,0.533,0.307,0.291,5
0,0.755,0.625,0.21,2.505,1.1965,0.513,0.6785,6
0,0.545,0.415,0.2,1.358,0.567,0.318,0.403,5
0,0.475,0.36,0.125,0.447,0.1695,0.081,0.14,4
0,0.645,0.5,0.2,1.4285,0.639,0.305,0.36,6
2,0.445,0.35,0.12,0.4425,0.192,0.0955,0.135,3
2,0.615,0.5,0.17,1.054,0.4845,0.228,0.295,5
2,0.63,0.515,0.175,1.1955,0.492,0.247,0.37,6
2,0.385,0.255,0.1,0.3175,0.137,0.068,0.092,3
1,0.405,0.31,0.095,0.3425,0.1785,0.064,0.0855,3
2,0.6,0.47,0.16,1.012,0.441,0.2015,0.305,5
1,0.575,0.45,0.145,0.872,0.4675,0.18,0.217,4
1,0.425,0.34,0.1,0.382,0.164,0.096,0.1,1
2,0.275,0.205,0.07,0.094,0.0335,0.02,0.0325,0
1,0.39,0.315,0.09,0.3095,0.147,0.05,0.09,2
2,0.525,0.405,0.13,0.7185,0.3265,0.1975,0.175,3
2,0.555,0.44,0.15,0.755,0.307,0.1525,0.26,7
0,0.68,0.5,0.185,1.741,0.7665,0.3255,0.4685,7
2,0.6,0.475,0.15,0.99,0.386,0.2195,0.3105,5
2,0.675,0.54,0.175,1.5545,0.6645,0.278,0.512,7
1,0.59,0.445,0.135,0.7715,0.328,0.1745,0.23,4
2,0.645,0.495,0.185,1.4935,0.5265,0.2785,0.455,10
2,0.67,0.5,0.2,1.269,0.576,0.2985,0.351,6
2,0.535,0.405,0.175,1.2705,0.548,0.3265,0.337,8
0,0.515,0.435,0.17,0.631,0.2765,0.111,0.216,7
0,0.51,0.4,0.125,0.545,0.261,0.115,0.1385,1
2,0.455,0.355,0.13,0.515,0.2,0.1275,0.175,6
1,0.355,0.26,0.09,0.1925,0.077,0.038,0.065,3
1,0.385,0.265,0.08,0.251,0.124,0.037,0.07,1
2,0.445,0.345,0.09,0.3795,0.143,0.074,0.125,5
2,0.455,0.355,0.135,0.4745,0.1865,0.0935,0.168,8
0,0.51,0.385,0.135,0.632,0.282,0.145,0.17,3
1,0.535,0.415,0.15,0.5765,0.3595,0.135,0.225,3
1,0.365,0.28,0.09,0.196,0.0865,0.036,0.0605,2
2,0.575,0.44,0.16,0.9615,0.483,0.166,0.275,8
2,0.555,0.45,0.145,0.915,0.4,0.246,0.285,6
2,0.47,0.38,0.145,0.5865,0.2385,0.144,0.185,3
0,0.705,0.57,0.18,1.5345,0.96,0.4195,0.43,7
2,0.575,0.465,0.12,1.0535,0.516,0.2185,0.235,4
1,0.35,0.26,0.075,0.18,0.09,0.0245,0.055,0
0,0.645,0.515,0.15,1.212,0.515,0.2055,0.385,5
2,0.66,0.485,0.155,1.2275,0.61,0.274,0.3,3
2,0.36,0.295,0.105,0.241,0.0865,0.053,0.095,3
0,0.505,0.39,0.13,0.674,0.3165,0.141,0.1785,4
2,0.58,0.445,0.16,0.984,0.49,0.201,0.27,4
2,0.505,0.44,0.14,0.8275,0.3415,0.1855,0.239,3
2,0.51,0.39,0.135,0.769,0.3935,0.1455,0.19,3
1,0.415,0.325,0.1,0.313,0.139,0.0625,0.0965,2
1,0.46,0.355,0.11,0.436,0.1975,0.096,0.125,3
2,0.445,0.345,0.14,0.476,0.2055,0.1015,0.1085,10
1,0.475,0.42,0.16,0.7095,0.35,0.1505,0.1845,3
1,0.545,0.43,0.14,0.772,0.289,0.19,0.2615,3
2,0.59,0.475,0.155,0.857,0.356,0.174,0.28,8
1,0.575,0.455,0.16,0.9895,0.495,0.195,0.246,4
1,0.505,0.405,0.13,0.599,0.2245,0.1175,0.225,6
0,0.655,0.54,0.215,1.5555,0.695,0.296,0.444,6
2,0.705,0.555,0.215,2.141,1.0465,0.383,0.528,6
2,0.64,0.505,0.155,1.4025,0.705,0.2655,0.335,5
2,0.53,0.425,0.13,0.7455,0.2995,0.1355,0.245,5
2,0.535,0.42,0.125,0.738,0.355,0.1895,0.1795,3
0,0.54,0.44,0.16,1.0905,0.391,0.2295,0.355,10
0,0.6,0.5,0.16,1.122,0.5095,0.256,0.309,5
2,0.54,0.415,0.145,0.74,0.2635,0.168,0.245,7
1,0.625,0.43,0.175,1.411,0.572,0.297,0.395,7
0,0.61,0.48,0.16,1.234,0.598,0.238,0.315,7
2,0.44,0.35,0.11,0.4585,0.2,0.0885,0.13,4
0,0.485,0.37,0.115,0.4785,0.1995,0.0955,0.129,2
1,0.44,0.34,0.1,0.379,0.1725,0.0815,0.101,2
1,0.515,0.385,0.125,0.572,0.237,0.1435,0.165,2
2,0.49,0.395,0.12,0.674,0.3325,0.1235,0.185,4
2,0.34,0.265,0.085,0.1835,0.077,0.046,0.065,5
1,0.48,0.35,0.1,0.519,0.2365,0.1275,0.126,2
2,0.54,0.415,0.17,0.879,0.339,0.208,0.255,5
2,0.575,0.45,0.155,0.948,0.429,0.206,0.259,2
2,0.415,0.305,0.1,0.325,0.156,0.0505,0.091,1
0,0.575,0.48,0.15,0.8745,0.375,0.193,0.29,7
2,0.565,0.455,0.155,0.9355,0.421,0.183,0.26,6
2,0.385,0.285,0.105,0.2905,0.1215,0.0685,0.0875,7
2,0.51,0.415,0.145,0.751,0.3295,0.1835,0.203,3
0,0.65,0.5,0.16,1.3825,0.702,0.304,0.3195,4
0,0.52,0.405,0.145,0.829,0.3535,0.1685,0.205,10
1,0.245,0.175,0.055,0.0785,0.04,0.018,0.02,0
2,0.52,0.385,0.14,0.6595,0.2485,0.2035,0.16,4
1,0.585,0.45,0.15,0.8915,0.3975,0.2035,0.253,3
1,0.42,0.32,0.1,0.34,0.1745,0.05,0.0945,3
0,0.635,0.49,0.155,1.145,0.4775,0.3035,0.3155,4
0,0.73,0.57,0.165,2.0165,1.0685,0.418,0.435,5
0,0.475,0.35,0.115,0.452,0.1715,0.092,0.155,6
0,0.57,0.435,0.15,0.8295,0.3875,0.156,0.245,5
1,0.435,0.33,0.095,0.393,0.219,0.075,0.0885,1
0,0.535,0.42,0.15,0.7365,0.2785,0.186,0.215,9
1,0.525,0.39,0.12,0.664,0.3115,0.147,0.178,4
0,0.635,0.5,0.175,1.477,0.684,0.3005,0.39,7
1,0.54,0.425,0.14,0.742,0.32,0.1395,0.25,4
2,0.645,0.505,0.165,1.307,0.4335,0.262,0.52,5
0,0.625,0.49,0.155,1.115,0.484,0.277,0.3095,4
1,0.44,0.345,0.13,0.4495,0.209,0.0835,0.134,1
0,0.815,0.65,0.25,2.255,0.8905,0.42,0.7975,9
2,0.63,0.525,0.195,1.3135,0.4935,0.2565,0.465,5
2,0.685,0.535,0.175,1.432,0.637,0.247,0.46,6
1,0.46,0.36,0.1,0.4635,0.2325,0.093,0.115,2
1,0.295,0.225,0.08,0.124,0.0485,0.032,0.04,4
1,0.16,0.12,0.035,0.021,0.0075,0.0045,0.005,0
1,0.18,0.135,0.08,0.033,0.0145,0.007,0.01,0
1,0.38,0.285,0.095,0.243,0.0895,0.0665,0.075,2
1,0.405,0.315,0.105,0.347,0.1605,0.0785,0.1,4
2,0.355,0.28,0.095,0.2455,0.0955,0.062,0.075,6
1,0.61,0.48,0.165,1.097,0.4215,0.264,0.335,8
1,0.525,0.405,0.145,0.6965,0.3045,0.1535,0.21,3
1,0.42,0.31,0.095,0.279,0.1255,0.051,0.088,1
1,0.42,0.305,0.11,0.28,0.094,0.0785,0.0955,4
2,0.385,0.3,0.095,0.24,0.0885,0.059,0.085,4
0,0.325,0.26,0.09,0.1915,0.085,0.036,0.062,2
1,0.53,0.425,0.13,0.781,0.3905,0.2005,0.215,4
1,0.27,0.195,0.065,0.1065,0.0475,0.0225,0.0285,0
0,0.62,0.465,0.14,1.011,0.479,0.2385,0.255,3
2,0.67,0.525,0.165,1.6085,0.682,0.3145,0.4005,6
0,0.57,0.465,0.155,0.872,0.3245,0.239,0.285,9
1,0.28,0.22,0.08,0.1315,0.066,0.024,0.03,0
2,0.41,0.31,0.125,0.3595,0.1415,0.0885,0.115,6
2,0.425,0.335,0.1,0.4085,0.1755,0.092,0.135,4
2,0.69,0.55,0.195,1.777,0.769,0.38,0.4305,6
1,0.455,0.335,0.105,0.422,0.229,0.0865,0.1,1
1,0.42,0.315,0.1,0.3435,0.157,0.0795,0.09,1
2,0.6,0.45,0.195,1.34,0.617,0.3255,0.3605,5
1,0.56,0.425,0.145,0.688,0.3095,0.1305,0.2165,4
0,0.53,0.395,0.115,0.5685,0.249,0.1375,0.161,4
2,0.63,0.49,0.155,1.2525,0.63,0.246,0.289,4
1,0.45,0.335,0.105,0.362,0.1575,0.0795,0.1095,2
1,0.625,0.47,0.155,1.1955,0.643,0.2055,0.3145,7
2,0.28,0.2,0.08,0.0915,0.033,0.0215,0.03,0
2,0.495,0.4,0.14,0.7775,0.2015,0.18,0.25,10
2,0.625,0.47,0.17,1.1665,0.4605,0.2565,0.3945,6
0,0.52,0.41,0.115,0.807,0.2855,0.179,0.235,7
2,0.5,0.385,0.135,0.551,0.2245,0.0715,0.206,6
2,0.59,0.49,0.135,1.008,0.422,0.2245,0.285,6
2,0.445,0.32,0.12,0.414,0.199,0.09,0.117,2
1,0.42,0.31,0.1,0.2865,0.115,0.0735,0.085,3
1,0.2,0.145,0.025,0.0345,0.011,0.0075,0.01,0
2,0.535,0.435,0.15,0.725,0.269,0.1385,0.25,4
0,0.56,0.455,0.19,0.714,0.283,0.129,0.275,4
0,0.305,0.225,0.07,0.1485,0.0585,0.0335,0.045,2
1,0.44,0.345,0.1,0.366,0.122,0.0905,0.12,8
1,0.375,0.29,0.095,0.2875,0.123,0.0605,0.08,1
1,0.55,0.4,0.135,0.717,0.3315,0.1495,0.221,4
0,0.595,0.48,0.16,1.2095,0.5225,0.296,0.32,3
1,0.52,0.38,0.14,0.525,0.1775,0.115,0.185,6
0,0.52,0.41,0.17,0.8705,0.3735,0.219,0.25,9
2,0.735,0.555,0.22,2.333,1.2395,0.3645,0.6195,7
1,0.56,0.435,0.135,0.72,0.329,0.103,0.251,6
1,0.32,0.23,0.06,0.129,0.0615,0.0275,0.0355,2
1,0.3,0.23,0.085,0.117,0.05,0.0175,0.0415,1
1,0.46,0.345,0.11,0.3755,0.1525,0.058,0.125,2
2,0.575,0.435,0.13,1.0105,0.368,0.222,0.32,5
0,0.605,0.49,0.15,1.1345,0.4305,0.2525,0.35,5
0,0.38,0.305,0.095,0.2815,0.1255,0.0525,0.09,3
1,0.465,0.34,0.11,0.346,0.1425,0.073,0.113,6
1,0.485,0.355,0.105,0.498,0.2175,0.096,0.1525,4
1,0.475,0.355,0.1,0.5035,0.2535,0.091,0.14,3
1,0.55,0.425,0.15,0.639,0.269,0.1345,0.217,4
1,0.385,0.285,0.09,0.248,0.0935,0.066,0.07,1
1,0.48,0.36,0.125,0.542,0.2795,0.1025,0.147,2
1,0.575,0.475,0.17,0.967,0.3775,0.284,0.275,8
2,0.585,0.46,0.15,1.206,0.581,0.216,0.323,5
2,0.485,0.365,0.155,1.029,0.4235,0.2285,0.313,3
2,0.74,0.595,0.19,2.3235,1.1495,0.5115,0.505,6
1,0.39,0.29,0.09,0.2625,0.117,0.054,0.077,2
0,0.54,0.435,0.175,0.892,0.322,0.174,0.335,8
2,0.69,0.54,0.185,1.71,0.7725,0.3855,0.4325,3
0,0.585,0.46,0.17,0.9325,0.365,0.271,0.29,4
2,0.585,0.465,0.15,0.98,0.4315,0.2545,0.247,4
1,0.395,0.29,0.095,0.319,0.138,0.08,0.082,2
2,0.56,0.415,0.13,0.7615,0.3695,0.17,0.1955,3
1,0.505,0.38,0.12,0.594,0.2595,0.1435,0.18,2
0,0.585,0.485,0.15,1.079,0.4145,0.2115,0.356,6
2,0.54,0.435,0.14,0.7345,0.33,0.1595,0.213,4
1,0.435,0.33,0.11,0.413,0.2055,0.096,0.096,1
2,0.65,0.515,0.175,1.466,0.677,0.3045,0.4,5
1,0.31,0.235,0.075,0.1515,0.056,0.0315,0.05,2
1,0.35,0.27,0.075,0.215,0.1,0.036,0.065,1
2,0.555,0.46,0.16,0.86,0.3345,0.1935,0.275,5
0,0.5,0.38,0.14,0.6355,0.277,0.143,0.1785,3
2,0.335,0.235,0.085,0.1545,0.066,0.0345,0.045,1
2,0.625,0.49,0.165,1.205,0.5175,0.3105,0.3465,5
1,0.355,0.27,0.1,0.2255,0.11,0.042,0.064,2
0,0.63,0.485,0.17,1.3205,0.5945,0.345,0.345,4
2,0.585,0.43,0.16,0.955,0.3625,0.176,0.27,6
0,0.465,0.35,0.125,0.482,0.23,0.106,0.1095,1
1,0.385,0.29,0.1,0.2575,0.1,0.061,0.086,1
1,0.505,0.38,0.135,0.5385,0.2645,0.095,0.165,4
2,0.6,0.475,0.19,1.0875,0.403,0.2655,0.325,9
2,0.68,0.54,0.155,1.534,0.671,0.379,0.384,5
2,0.45,0.355,0.115,0.479,0.2125,0.1045,0.15,3
1,0.47,0.355,0.12,0.393,0.167,0.0885,0.115,3
0,0.455,0.375,0.125,0.458,0.1985,0.111,0.12,5
1,0.415,0.315,0.1,0.3645,0.1765,0.0795,0.095,3
1,0.4,0.29,0.1,0.258,0.104,0.059,0.0815,2
0,0.525,0.42,0.16,0.756,0.2745,0.173,0.275,4
2,0.52,0.4,0.165,0.8565,0.2745,0.201,0.21,7
1,0.185,0.375,0.12,0.4645,0.196,0.1045,0.15,1
2,0.64,0.49,0.14,1.194,0.4445,0.238,0.375,10
0,0.54,0.385,0.14,0.7655,0.3265,0.116,0.2365,5
0,0.72,0.575,0.195,2.1505,1.0745,0.382,0.585,5
1,0.4,0.315,0.09,0.3245,0.151,0.073,0.088,3
0,0.46,0.355,0.13,0.517,0.2205,0.114,0.165,4
1,0.575,0.45,0.17,0.9315,0.358,0.2145,0.26,8
1,0.51,0.375,0.1,0.5785,0.238,0.1225,0.175,2
0,0.455,0.36,0.11,0.4385,0.206,0.098,0.125,5
0,0.66,0.5,0.165,1.1905,0.4585,0.298,0.37,7
2,0.665,0.515,0.2,1.2695,0.5115,0.2675,0.436,7
1,0.265,0.195,0.055,0.084,0.0365,0.0175,0.025,2
0,0.585,0.45,0.16,0.9045,0.405,0.2215,0.2335,3
1,0.445,0.345,0.13,0.4075,0.1365,0.0645,0.18,6
2,0.55,0.435,0.11,0.806,0.3415,0.203,0.215,4
0,0.68,0.56,0.165,1.639,0.6055,0.2805,0.46,10
1,0.56,0.425,0.14,0.9175,0.4005,0.1975,0.26,5
0,0.35,0.265,0.09,0.1855,0.0745,0.0415,0.06,2
1,0.485,0.355,0.12,0.5085,0.21,0.122,0.135,4
2,0.475,0.37,0.125,0.537,0.222,0.1215,0.15,4
2,0.43,0.31,0.13,0.6485,0.2735,0.163,0.184,4
0,0.625,0.49,0.155,1.2085,0.465,0.162,0.411,6
0,0.62,0.48,0.18,1.2215,0.582,0.2695,0.313,7
1,0.54,0.395,0.135,0.6555,0.2705,0.155,0.192,4
0,0.525,0.415,0.15,0.7155,0.2355,0.171,0.27,8
1,0.54,0.39,0.125,0.6255,0.2525,0.158,0.19,3
0,0.62,0.485,0.155,1.1945,0.5105,0.271,0.352,4
2,0.64,0.515,0.165,1.369,0.632,0.3415,0.358,5
2,0.565,0.435,0.15,0.99,0.5795,0.1825,0.206,3
0,0.5,0.375,0.115,0.5945,0.185,0.148,0.19,6
0,0.695,0.55,0.16,1.6365,0.694,0.3005,0.44,8
2,0.53,0.425,0.11,0.739,0.237,0.161,0.295,8
2,0.375,0.285,0.095,0.253,0.096,0.0575,0.0925,4
2,0.205,0.155,0.045,0.0425,0.017,0.0055,0.0155,2
0,0.6,0.5,0.155,1.332,0.6235,0.2835,0.35,3
1,0.58,0.46,0.14,0.8295,0.3915,0.165,0.238,5
1,0.6,0.48,0.17,0.9175,0.38,0.2225,0.29,3
1,0.4,0.31,0.1,0.127,0.106,0.071,0.085,2
0,0.505,0.39,0.115,0.66,0.3045,0.1555,0.175,3
2,0.605,0.445,0.14,0.982,0.4295,0.2085,0.295,7
2,0.645,0.495,0.19,1.539,0.6115,0.408,0.445,7
1,0.365,0.27,0.085,0.197,0.0815,0.0325,0.065,1
2,0.61,0.48,0.14,1.031,0.4375,0.2615,0.27,3
2,0.55,0.45,0.155,0.7895,0.343,0.159,0.25,7
0,0.61,0.47,0.16,1.017,0.426,0.2255,0.32,7
2,0.615,0.475,0.17,1.129,0.4795,0.302,0.3,5
0,0.44,0.35,0.125,0.4035,0.175,0.063,0.129,4
0,0.605,0.48,0.15,1.079,0.4505,0.2835,0.293,5
0,0.72,0.565,0.17,1.613,0.723,0.3255,0.4945,7
2,0.61,0.48,0.14,1.0625,0.516,0.225,0.2915,6
2,0.57,0.48,0.175,1.185,0.474,0.261,0.38,6
0,0.625,0.485,0.175,1.3745,0.7335,0.2715,0.332,4
1,0.32,0.255,0.085,0.1745,0.072,0.033,0.057,3
1,0.56,0.435,0.13,0.777,0.354,0.173,0.222,4
2,0.61,0.47,0.16,1.022,0.449,0.2345,0.2945,4
1,0.62,0.45,0.135,0.924,0.358,0.2265,0.2965,5
0,0.525,0.4,0.135,0.714,0.318,0.138,0.208,5
0,0.5,0.44,0.155,0.742,0.2025,0.2005,0.2115,9
0,0.55,0.445,0.155,0.9905,0.544,0.178,0.218,4
1,0.51,0.385,0.145,0.7665,0.3985,0.14,0.1805,3
1,0.325,0.25,0.08,0.1735,0.0765,0.0345,0.049,2
2,0.545,0.45,0.15,0.978,0.3365,0.1905,0.3,6
2,0.57,0.47,0.155,1.186,0.6355,0.2315,0.277,5
0,0.655,0.515,0.17,1.527,0.8485,0.2635,0.331,6
0,0.65,0.545,0.175,1.5245,0.59,0.326,0.495,5
1,0.48,0.355,0.125,0.494,0.2385,0.0835,0.15,4
0,0.45,0.345,0.115,0.496,0.1905,0.117,0.14,7
2,0.62,0.48,0.165,1.0725,0.4815,0.235,0.312,4
1,0.325,0.25,0.055,0.166,0.076,0.051,0.045,0
1,0.32,0.205,0.08,0.181,0.088,0.034,0.0495,0
0,0.58,0.45,0.17,0.9705,0.4615,0.232,0.248,4
2,0.57,0.44,0.095,0.827,0.3395,0.2215,0.235,3
1,0.25,0.185,0.065,0.0685,0.0295,0.014,0.0225,0
1,0.175,0.125,0.05,0.0235,0.008,0.0035,0.008,0
0,0.635,0.535,0.19,1.242,0.576,0.2475,0.39,9
2,0.455,0.35,0.11,0.458,0.2,0.111,0.1305,3
1,0.405,0.305,0.105,0.3625,0.1565,0.0705,0.125,5
1,0.27,0.2,0.07,0.1,0.034,0.0245,0.035,0
2,0.595,0.435,0.16,1.057,0.4255,0.224,0.31,4
2,0.59,0.405,0.15,0.853,0.326,0.2615,0.245,4
0,0.535,0.405,0.145,0.6845,0.2725,0.171,0.205,5
2,0.345,0.265,0.09,0.163,0.0615,0.037,0.0485,5
1,0.475,0.365,0.12,0.53,0.2505,0.0975,0.1625,5
0,0.525,0.425,0.14,0.8735,0.4205,0.182,0.2225,5
0,0.56,0.43,0.145,0.898,0.3895,0.2325,0.245,4
1,0.315,0.23,0.09,0.1285,0.043,0.04,0.04,2
1,0.35,0.265,0.08,0.2,0.09,0.042,0.06,2
2,0.57,0.46,0.155,1.0005,0.454,0.205,0.265,6
2,0.475,0.385,0.12,0.562,0.289,0.0905,0.153,3
0,0.66,0.5,0.155,1.3765,0.6485,0.288,0.335,7
0,0.53,0.405,0.15,0.889,0.4055,0.2275,0.215,3
2,0.56,0.44,0.14,0.971,0.443,0.2045,0.265,9
1,0.28,0.2,0.065,0.0895,0.036,0.0185,0.03,2
2,0.45,0.35,0.1,0.3675,0.1465,0.1015,0.12,5
0,0.605,0.485,0.16,1.222,0.53,0.2575,0.28,8
1,0.515,0.395,0.125,0.5805,0.2365,0.1075,0.19,4
1,0.355,0.28,0.1,0.2275,0.0935,0.0455,0.085,6
1,0.375,0.27,0.085,0.218,0.0945,0.039,0.07,2
1,0.37,0.275,0.1,0.22,0.094,0.045,0.065,2
1,0.54,0.4,0.145,0.757,0.315,0.181,0.215,6
2,0.425,0.33,0.08,0.361,0.134,0.0825,0.125,2
1,0.61,0.465,0.125,0.9225,0.436,0.19,0.26,4
2,0.67,0.515,0.165,1.1735,0.526,0.285,0.316,6
1,0.33,0.23,0.08,0.14,0.0565,0.0365,0.046,2
2,0.59,0.455,0.145,1.073,0.475,0.19,0.285,9
0,0.6,0.485,0.145,0.776,0.3545,0.1585,0.239,4
1,0.19,0.13,0.045,0.0265,0.009,0.005,0.009,0
2,0.445,0.355,0.11,0.4415,0.1805,0.1035,0.1505,5
2,0.63,0.48,0.185,1.21,0.53,0.2555,0.322,6
2,0.62,0.485,0.165,1.1325,0.5235,0.2505,0.2825,4
0,0.4,0.305,0.16,0.368,0.173,0.0705,0.105,2
1,0.375,0.29,0.095,0.213,0.096,0.041,0.061,0
0,0.575,0.45,0.16,1.068,0.556,0.214,0.2575,5
2,0.615,0.51,0.15,1.296,0.545,0.3315,0.32,4
0,0.635,0.49,0.17,1.2615,0.5385,0.2665,0.38,4
1,0.28,0.215,0.07,0.124,0.063,0.0215,0.03,1
1,0.385,0.295,0.085,0.2535,0.103,0.0575,0.085,2
0,0.55,0.47,0.15,0.9205,0.381,0.2435,0.2675,5
1,0.39,0.29,0.1,0.2845,0.1255,0.0635,0.081,2
2,0.61,0.48,0.165,1.2435,0.5575,0.2675,0.372,3
2,0.31,0.225,0.08,0.1345,0.054,0.024,0.05,2
1,0.335,0.245,0.09,0.2015,0.096,0.0405,0.048,2
1,0.535,0.385,0.18,1.0835,0.4955,0.2295,0.304,3
1,0.505,0.39,0.185,0.6125,0.267,0.142,0.172,2
0,0.595,0.465,0.155,1.026,0.4645,0.112,0.305,7
0,0.65,0.51,0.185,1.375,0.531,0.384,0.3985,5
0,0.515,0.395,0.14,0.686,0.281,0.1255,0.22,7
0,0.68,0.515,0.175,1.6185,0.5125,0.409,0.62,7
2,0.47,0.39,0.15,0.6355,0.2185,0.0885,0.255,4
0,0.57,0.44,0.125,0.865,0.3675,0.1725,0.27,7
0,0.705,0.535,0.22,1.866,0.929,0.3835,0.4395,5
0,0.61,0.45,0.16,1.136,0.414,0.311,0.3,4
2,0.555,0.44,0.15,0.838,0.4155,0.146,0.23,3
1,0.285,0.22,0.065,0.096,0.0405,0.0205,0.03,0
2,0.485,0.37,0.13,0.526,0.2485,0.105,0.1555,1
2,0.615,0.495,0.155,1.2865,0.435,0.293,0.3245,6
2,0.46,0.38,0.135,0.482,0.207,0.1225,0.145,5
2,0.515,0.4,0.125,0.955,0.341,0.2535,0.26,8
2,0.35,0.265,0.11,0.2965,0.1365,0.063,0.085,2
2,0.695,0.55,0.195,1.6645,0.727,0.36,0.445,6
0,0.66,0.505,0.19,1.4045,0.6255,0.3375,0.3745,4
2,0.635,0.48,0.19,1.467,0.5825,0.303,0.42,10
1,0.505,0.405,0.13,0.6015,0.3015,0.11,0.18,3
2,0.66,0.525,0.2,1.489,0.6065,0.3795,0.421,5
2,0.63,0.485,0.145,1.062,0.5065,0.1785,0.3365,7
1,0.375,0.28,0.085,0.3155,0.187,0.046,0.067,2
0,0.625,0.525,0.195,1.352,0.4505,0.2445,0.53,8
1,0.49,0.385,0.115,0.683,0.3265,0.1615,0.165,8
1,0.23,0.175,0.065,0.0645,0.026,0.0105,0.02,0
0,0.61,0.465,0.16,1.0725,0.4835,0.2515,0.28,5
2,0.515,0.35,0.155,0.9225,0.4185,0.198,0.273,4
1,0.48,0.355,0.115,0.5785,0.25,0.106,0.184,3
2,0.555,0.435,0.145,0.9205,0.404,0.2275,0.255,3
2,0.625,0.505,0.185,1.1565,0.52,0.2405,0.3535,5
2,0.565,0.425,0.135,0.8115,0.341,0.1675,0.255,10
1,0.51,0.4,0.125,0.5935,0.239,0.13,0.204,3
1,0.535,0.42,0.145,0.6885,0.273,0.1515,0.237,4
1,0.49,0.375,0.115,0.557,0.2275,0.1335,0.1765,3
2,0.41,0.315,0.095,0.306,0.121,0.0735,0.09,4
2,0.77,0.6,0.215,2.1945,1.0515,0.482,0.584,5
2,0.535,0.41,0.12,0.6835,0.3125,0.1655,0.159,3
1,0.61,0.475,0.15,0.9665,0.4145,0.2,0.345,5
0,0.715,0.585,0.23,2.0725,0.8655,0.4095,0.565,5
0,0.57,0.45,0.18,0.908,0.4015,0.217,0.255,4
0,0.67,0.525,0.195,1.37,0.6065,0.2955,0.407,7
1,0.495,0.385,0.125,0.585,0.2755,0.1235,0.165,3
1,0.375,0.285,0.08,0.226,0.0975,0.04,0.0725,2
0,0.585,0.45,0.125,0.874,0.3545,0.2075,0.225,1
1,0.375,0.28,0.08,0.2235,0.115,0.043,0.055,1
2,0.475,0.355,0.125,0.4625,0.186,0.107,0.145,4
0,0.58,0.44,0.125,0.7855,0.363,0.1955,0.195,6
2,0.61,0.47,0.17,1.1185,0.5225,0.2405,0.31,4
0,0.65,0.51,0.17,1.567,0.7245,0.349,0.391,5
2,0.555,0.425,0.15,0.873,0.4625,0.1845,0.1965,4
2,0.525,0.41,0.13,0.6875,0.3435,0.1495,0.1765,4
1,0.455,0.335,0.135,0.501,0.274,0.0995,0.1065,2
0,0.585,0.455,0.165,0.998,0.345,0.2495,0.315,7
2,0.635,0.51,0.185,1.308,0.544,0.318,0.377,3
2,0.595,0.475,0.14,1.0305,0.4925,0.217,0.278,5
0,0.56,0.435,0.15,0.8715,0.4755,0.1835,0.1835,4
1,0.5,0.39,0.13,0.5075,0.2115,0.104,0.1755,4
2,0.675,0.515,0.145,1.265,0.6025,0.299,0.325,5
2,0.75,0.595,0.205,2.2205,1.083,0.421,0.63,7
1,0.28,0.215,0.08,0.132,0.072,0.022,0.033,0
2,0.625,0.47,0.145,1.7855,0.675,0.247,0.3245,8
2,0.57,0.45,0.145,0.95,0.4005,0.2235,0.2845,5
2,0.48,0.365,0.13,0.5305,0.2405,0.127,0.139,3
2,0.61,0.475,0.15,1.142,0.62,0.237,0.245,4
0,0.67,0.55,0.19,1.3905,0.5425,0.3035,0.4,7
2,0.635,0.49,0.16,1.101,0.534,0.1865,0.3455,5
0,0.535,0.4,0.135,0.8215,0.3935,0.196,0.205,3
2,0.63,0.485,0.16,1.243,0.623,0.275,0.3,5
0,0.465,0.36,0.12,0.4765,0.192,0.1125,0.16,5
0,0.635,0.515,0.19,1.3715,0.5065,0.305,0.45,5
1,0.43,0.33,0.095,0.32,0.118,0.065,0.123,2
1,0.48,0.355,0.11,0.4495,0.201,0.089,0.14,3
2,0.65,0.515,0.18,1.3315,0.5665,0.347,0.405,8
0,0.48,0.39,0.125,0.6905,0.219,0.155,0.2,7
1,0.235,0.175,0.065,0.0615,0.0205,0.02,0.019,1
1,0.45,0.35,0.125,0.4775,0.2235,0.089,0.118,1
1,0.375,0.285,0.1,0.239,0.105,0.0555,0.07,3
0,0.605,0.485,0.165,0.9515,0.4535,0.193,0.2765,6
0,0.395,0.295,0.095,0.2245,0.078,0.054,0.08,5
0,0.575,0.46,0.145,0.9945,0.466,0.229,0.265,2
2,0.63,0.485,0.18,1.2435,0.5175,0.308,0.37,6
2,0.645,0.49,0.16,1.251,0.5355,0.3345,0.3165,4
0,0.61,0.485,0.17,1.1005,0.5125,0.229,0.305,6
1,0.36,0.275,0.075,0.2205,0.0985,0.044,0.066,2
2,0.56,0.41,0.165,0.93,0.3505,0.237,0.3,8
0,0.62,0.47,0.225,1.115,0.378,0.2145,0.36,10
2,0.36,0.27,0.09,0.2225,0.083,0.053,0.075,1
2,0.355,0.265,0.09,0.168,0.05,0.041,0.063,3
0,0.585,0.46,0.15,1.0035,0.503,0.2105,0.2515,6
2,0.47,0.375,0.12,0.5805,0.266,0.0935,0.169,3
2,0.62,0.49,0.155,1.1,0.505,0.2475,0.31,4
1,0.385,0.285,0.085,0.244,0.1215,0.0445,0.068,3
1,0.285,0.215,0.06,0.0935,0.031,0.023,0.03,1
0,0.65,0.525,0.19,1.385,0.8875,0.3095,0.405,6
0,0.56,0.425,0.125,0.932,0.361,0.213,0.335,4
0,0.52,0.43,0.15,0.728,0.302,0.1575,0.235,6
2,0.59,0.46,0.13,1.102,0.455,0.2055,0.33,7
2,0.555,0.445,0.13,0.8625,0.4225,0.155,0.24,4
2,0.5,0.385,0.145,0.7615,0.246,0.195,0.204,9
1,0.55,0.425,0.155,0.8725,0.412,0.187,0.2425,5
1,0.565,0.46,0.155,0.8715,0.3755,0.215,0.25,5
0,0.56,0.44,0.155,0.6405,0.336,0.1765,0.245,3
0,0.4,0.335,0.115,0.4335,0.2105,0.1205,0.12,5
1,0.37,0.27,0.09,0.1855,0.07,0.0425,0.065,2
2,0.705,0.56,0.22,1.981,0.8175,0.3085,0.76,9
1,0.44,0.335,0.11,0.3885,0.175,0.0835,0.111,2
1,0.28,0.205,0.08,0.127,0.052,0.039,0.042,4
0,0.58,0.455,0.165,1.1365,0.369,0.3005,0.275,8
2,0.455,0.345,0.15,0.5795,0.1685,0.125,0.215,8
2,0.395,0.28,0.08,0.266,0.0995,0.066,0.09,7
1,0.31,0.235,0.07,0.151,0.063,0.0405,0.045,1
1,0.475,0.36,0.125,0.4905,0.205,0.1305,0.125,3
0,0.455,0.35,0.14,0.5185,0.221,0.1265,0.135,5
0,0.53,0.395,0.145,0.775,0.308,0.169,0.255,2
1,0.38,0.27,0.08,0.2105,0.0865,0.042,0.07,3
1,0.33,0.255,0.08,0.205,0.0895,0.0395,0.055,2
1,0.47,0.345,0.14,0.4615,0.229,0.1105,0.116,4
2,0.555,0.405,0.19,1.406,0.6115,0.342,0.389,5
2,0.625,0.49,0.12,0.8765,0.456,0.18,0.233,5
1,0.62,0.475,0.16,0.907,0.371,0.167,0.3075,6
1,0.425,0.315,0.095,0.3675,0.1865,0.0675,0.0985,2
1,0.49,0.385,0.12,0.591,0.271,0.1125,0.1775,4
1,0.44,0.32,0.095,0.3275,0.1495,0.059,0.1,3
2,0.625,0.48,0.145,1.085,0.4645,0.2445,0.327,5
2,0.58,0.465,0.16,1.0345,0.315,0.26,0.3635,7
2,0.695,0.525,0.175,1.742,0.696,0.389,0.505,7
0,0.445,0.335,0.11,0.4355,0.2025,0.1095,0.1195,1
2,0.605,0.455,0.16,1.1215,0.533,0.273,0.271,5
0,0.62,0.54,0.165,1.139,0.4995,0.2435,0.357,6
1,0.465,0.36,0.105,0.498,0.214,0.116,0.14,10
1,0.5,0.385,0.12,0.516,0.197,0.1305,0.165,3
0,0.78,0.63,0.215,2.657,1.488,0.4985,0.586,6
1,0.49,0.385,0.14,0.5425,0.198,0.127,0.175,6
2,0.655,0.52,0.18,1.492,0.7185,0.36,0.355,6
2,0.55,0.43,0.13,0.8395,0.3155,0.1955,0.2405,5
2,0.68,0.515,0.17,1.6115,0.8415,0.306,0.395,6
2,0.485,0.37,0.155,0.968,0.419,0.2455,0.2365,4
0,0.5,0.405,0.15,0.5965,0.253,0.126,0.185,7
1,0.19,0.13,0.03,0.0295,0.0155,0.015,0.01,1
0,0.595,0.485,0.145,1.2515,0.5035,0.2925,0.33,9
2,0.565,0.44,0.115,0.9185,0.404,0.1785,0.29,6
1,0.53,0.405,0.13,0.6615,0.2945,0.1395,0.19,4
2,0.635,0.495,0.195,1.172,0.445,0.3115,0.3475,6
0,0.545,0.415,0.15,0.7335,0.2795,0.163,0.2185,6
1,0.555,0.425,0.13,0.648,0.2835,0.133,0.2105,3
0,0.64,0.5,0.15,1.0705,0.371,0.2705,0.36,3
1,0.465,0.36,0.105,0.452,0.22,0.159,0.1035,4
2,0.63,0.505,0.225,1.525,0.56,0.3335,0.45,10
2,0.55,0.43,0.16,0.9295,0.317,0.1735,0.355,8
0,0.705,0.545,0.18,1.5395,0.6075,0.3675,0.4645,8
0,0.52,0.405,0.115,0.776,0.32,0.1845,0.22,3
2,0.655,0.49,0.175,1.3585,0.6395,0.294,0.365,5
2,0.695,0.55,0.215,1.9565,0.7125,0.541,0.59,9
2,0.55,0.43,0.15,0.8745,0.413,0.1905,0.248,4
1,0.355,0.28,0.085,0.2905,0.095,0.0395,0.115,2
2,0.595,0.465,0.175,1.115,0.4015,0.254,0.39,8
0,0.5,0.395,0.14,0.7155,0.3165,0.176,0.24,5
0,0.565,0.44,0.15,0.863,0.435,0.149,0.27,4
2,0.695,0.56,0.19,1.494,0.588,0.3425,0.485,10
2,0.51,0.405,0.125,0.6925,0.327,0.155,0.1805,2
0,0.6,0.475,0.15,1.13,0.575,0.196,0.305,4
0,0.605,0.515,0.17,1.289,0.6,0.2945,0.3315,4
0,0.6,0.475,0.17,1.088,0.4905,0.2475,0.31,5
0,0.64,0.505,0.165,1.2235,0.5215,0.2695,0.36,5
1,0.3,0.23,0.075,0.15,0.0605,0.042,0.045,0
1,0.555,0.43,0.155,0.7395,0.3135,0.1435,0.28,5
1,0.37,0.275,0.1,0.2815,0.1505,0.0505,0.068,0
2,0.655,0.535,0.205,1.6445,0.7305,0.3595,0.46,8
2,0.47,0.37,0.12,0.5795,0.293,0.227,0.14,4
0,0.64,0.51,0.165,1.486,0.7595,0.332,0.321,3
2,0.64,0.525,0.185,1.707,0.763,0.4205,0.4435,6
2,0.57,0.48,0.18,0.9395,0.399,0.2,0.295,9
2,0.7,0.525,0.175,1.7585,0.8745,0.3615,0.47,5
0,0.555,0.42,0.14,0.868,0.33,0.243,0.21,8
1,0.44,0.335,0.115,0.4215,0.173,0.0765,0.113,2
2,0.525,0.405,0.16,0.792,0.316,0.1455,0.28,8
1,0.37,0.29,0.08,0.2545,0.108,0.0565,0.07,1
1,0.62,0.47,0.14,0.8565,0.3595,0.16,0.295,4
2,0.49,0.385,0.125,0.649,0.32,0.124,0.1695,3
1,0.28,0.21,0.075,0.1195,0.053,0.0265,0.03,1
1,0.565,0.44,0.175,0.8735,0.414,0.21,0.21,6
1,0.575,0.455,0.18,0.8525,0.3015,0.1825,0.3,8
0,0.58,0.455,0.12,1.0735,0.479,0.2735,0.265,5
2,0.645,0.51,0.155,1.539,0.6405,0.3585,0.43,6
2,0.57,0.45,0.155,1.195,0.5625,0.2565,0.295,5
1,0.355,0.255,0.08,0.187,0.078,0.0505,0.058,2
2,0.485,0.39,0.085,0.6435,0.2945,0.103,0.198,3
0,0.67,0.53,0.205,1.4015,0.643,0.2465,0.416,7
1,0.365,0.27,0.085,0.2225,0.0935,0.0525,0.066,2
0,0.655,0.5,0.205,1.528,0.6215,0.3725,0.4535,6
0,0.6,0.505,0.19,1.129,0.4385,0.256,0.36,8
0,0.58,0.46,0.135,0.926,0.4025,0.208,0.275,3
0,0.475,0.375,0.125,0.5785,0.2775,0.085,0.155,5
2,0.515,0.39,0.12,0.6125,0.302,0.1365,0.1415,3
1,0.275,0.205,0.075,0.1105,0.045,0.0285,0.035,1
2,0.6,0.47,0.165,1.059,0.504,0.241,0.275,4
0,0.615,0.49,0.19,1.1345,0.4695,0.257,0.348,6
0,0.58,0.45,0.185,0.9955,0.3945,0.272,0.285,6
1,0.54,0.43,0.14,0.8195,0.3935,0.1725,0.2295,4
1,0.435,0.34,0.11,0.407,0.1685,0.073,0.13,5
2,0.61,0.47,0.15,1.1625,0.565,0.258,0.3085,6
0,0.38,0.305,0.105,0.281,0.1045,0.0615,0.09,7
0,0.58,0.46,0.175,1.165,0.65,0.2205,0.3055,4
2,0.405,0.305,0.12,0.3185,0.1235,0.0905,0.095,2
1,0.47,0.375,0.125,0.5225,0.2265,0.104,0.162,3
2,0.55,0.41,0.13,0.8705,0.4455,0.2115,0.213,4
0,0.525,0.43,0.135,0.8435,0.4325,0.18,0.1815,4
1,0.375,0.26,0.08,0.2075,0.09,0.0415,0.07,1
2,0.66,0.535,0.2,1.791,0.733,0.318,0.54,10
2,0.63,0.49,0.16,1.09,0.407,0.224,0.354,7
2,0.565,0.44,0.185,0.909,0.344,0.2325,0.255,10
2,0.47,0.375,0.13,0.523,0.214,0.132,0.145,3
1,0.34,0.255,0.075,0.18,0.0745,0.04,0.0525,1
0,0.615,0.52,0.15,1.3435,0.629,0.2605,0.345,5
2,0.615,0.45,0.15,1.198,0.707,0.2095,0.2505,2
2,0.67,0.525,0.17,1.4005,0.715,0.3025,0.387,4
2,0.68,0.52,0.195,1.4535,0.592,0.391,0.4125,5
0,0.535,0.4,0.15,1.224,0.618,0.275,0.2875,5
2,0.655,0.55,0.18,1.274,0.586,0.281,0.365,5
1,0.465,0.37,0.1,0.5055,0.234,0.11,0.14,2
2,0.72,0.55,0.205,2.165,1.1055,0.525,0.404,5
2,0.53,0.425,0.13,0.702,0.2975,0.1395,0.22,4
0,0.59,0.465,0.16,1.1005,0.506,0.2525,0.295,8
2,0.745,0.575,0.2,1.884,0.954,0.336,0.495,7
2,0.655,0.53,0.195,1.388,0.567,0.2735,0.41,8
0,0.54,0.425,0.16,0.9455,0.3675,0.2005,0.295,4
0,0.625,0.495,0.165,1.262,0.507,0.318,0.39,5
2,0.575,0.475,0.145,0.857,0.3665,0.173,0.269,4
1,0.42,0.305,0.09,0.328,0.168,0.0615,0.082,1
0,0.645,0.48,0.17,1.1345,0.528,0.254,0.305,5
2,0.43,0.335,0.115,0.406,0.166,0.0935,0.135,3
0,0.65,0.5,0.165,1.1445,0.485,0.218,0.365,7
2,0.765,0.6,0.22,2.302,1.007,0.509,0.6205,7
2,0.57,0.455,0.15,0.952,0.3895,0.2155,0.2745,4
2,0.255,0.195,0.065,0.08,0.0315,0.018,0.027,3
0,0.65,0.565,0.2,1.6645,0.753,0.367,0.43,7
1,0.425,0.325,0.11,0.317,0.135,0.048,0.09,3
0,0.445,0.33,0.105,0.4525,0.18,0.103,0.123,4
2,0.6,0.465,0.165,1.038,0.4975,0.2205,0.251,4
2,0.465,0.34,0.105,0.486,0.231,0.1035,0.1225,4
0,0.625,0.49,0.175,1.233,0.5565,0.247,0.365,6
1,0.325,0.24,0.075,0.1525,0.072,0.0645,0.043,1
1,0.435,0.325,0.1,0.342,0.1335,0.0835,0.105,1
0,0.66,0.525,0.16,1.277,0.4975,0.319,0.394,8
1,0.47,0.355,0.18,0.48,0.2055,0.105,0.1505,3
0,0.665,0.51,0.175,1.3805,0.675,0.2985,0.325,5
1,0.59,0.46,0.125,0.755,0.334,0.15,0.238,4
0,0.705,0.545,0.17,1.58,0.6435,0.4565,0.265,6
1,0.43,0.34,0.12,0.3575,0.151,0.0645,0.1045,4
1,0.315,0.24,0.085,0.1715,0.071,0.0345,0.0535,2
0,0.64,0.515,0.205,1.5335,0.6635,0.3345,0.4025,4
1,0.555,0.425,0.18,0.875,0.3695,0.2005,0.255,6
0,0.7,0.575,0.205,1.773,0.605,0.447,0.538,8
2,0.645,0.49,0.175,1.32,0.6525,0.2375,0.3385,6
0,0.505,0.39,0.12,0.5725,0.2555,0.1325,0.146,3
2,0.56,0.425,0.135,0.849,0.3265,0.221,0.2645,5
2,0.465,0.355,0.125,0.5255,0.2025,0.135,0.145,8
0,0.65,0.52,0.195,1.6275,0.689,0.3905,0.432,6
0,0.63,0.495,0.145,1.147,0.5455,0.266,0.2885,4
2,0.625,0.475,0.175,1.3405,0.656,0.283,0.337,5
0,0.64,0.475,0.175,1.1545,0.4865,0.341,0.288,4
1,0.29,0.205,0.07,0.0975,0.036,0.019,0.035,3
1,0.485,0.355,0.13,0.581,0.245,0.132,0.168,7
2,0.62,0.475,0.195,1.3585,0.5935,0.3365,0.3745,5
2,0.425,0.34,0.12,0.388,0.149,0.087,0.125,5
0,0.61,0.495,0.185,1.153,0.536,0.2905,0.245,3
0,0.58,0.455,0.17,0.9075,0.374,0.2135,0.285,8
2,0.525,0.435,0.155,1.065,0.486,0.233,0.285,3
2,0.605,0.475,0.175,1.2525,0.5575,0.3055,0.343,4
0,0.51,0.34,0.18,0.7005,0.312,0.165,0.2,6
2,0.575,0.45,0.13,0.785,0.318,0.193,0.2265,4
1,0.575,0.43,0.13,0.7425,0.2895,0.2005,0.22,3
2,0.62,0.48,0.155,1.2555,0.527,0.374,0.3175,6
2,0.655,0.525,0.18,1.402,0.624,0.2935,0.365,8
1,0.325,0.225,0.075,0.139,0.0565,0.032,0.09,1
0,0.55,0.43,0.125,0.923,0.4035,0.175,0.283,3
2,0.355,0.26,0.085,0.1905,0.081,0.0485,0.055,1
0,0.63,0.505,0.165,1.065,0.4595,0.216,0.315,7
0,0.68,0.56,0.195,1.664,0.58,0.3855,0.545,6
0,0.625,0.485,0.165,1.2255,0.5075,0.296,0.36,5
2,0.585,0.475,0.15,1.065,0.5315,0.199,0.2885,5
0,0.595,0.43,0.21,1.5245,0.653,0.396,0.41,6
0,0.675,0.57,0.225,1.587,0.739,0.2995,0.435,5
2,0.485,0.41,0.15,0.696,0.2405,0.1625,0.265,8
2,0.605,0.475,0.19,1.1255,0.59,0.247,0.26,5
2,0.59,0.47,0.16,1.206,0.479,0.2425,0.309,3
0,0.675,0.53,0.175,1.4465,0.6775,0.33,0.389,5
1,0.535,0.39,0.125,0.599,0.2595,0.149,0.169,4
1,0.465,0.355,0.12,0.5805,0.255,0.0915,0.184,3
0,0.605,0.48,0.14,0.991,0.4735,0.2345,0.24,3
2,0.235,0.17,0.055,0.0515,0.018,0.0105,0.0195,2
2,0.72,0.55,0.205,2.125,1.1455,0.4425,0.511,8
0,0.56,0.44,0.14,0.9285,0.3825,0.188,0.3,6
1,0.415,0.33,0.09,0.3595,0.17,0.081,0.09,1
1,0.51,0.39,0.125,0.597,0.293,0.1265,0.1555,3
2,0.47,0.37,0.105,0.4665,0.2025,0.1015,0.155,5
0,0.645,0.52,0.17,1.197,0.526,0.2925,0.317,6
0,0.49,0.4,0.115,0.569,0.256,0.1325,0.145,4
2,0.625,0.495,0.155,1.025,0.46,0.1945,0.34,4
2,0.55,0.435,0.16,0.906,0.342,0.219,0.295,8
0,0.56,0.45,0.16,1.0235,0.429,0.268,0.3,5
0,0.455,0.37,0.105,0.4925,0.216,0.1245,0.135,4
1,0.51,0.405,0.13,0.599,0.3065,0.1155,0.1485,3
2,0.455,0.35,0.105,0.416,0.1625,0.097,0.145,6
1,0.505,0.4,0.125,0.5605,0.2255,0.1435,0.17,3
0,0.655,0.545,0.165,1.6225,0.6555,0.299,0.513,7
2,0.495,0.39,0.15,0.853,0.3285,0.189,0.27,9
1,0.52,0.39,0.13,0.5545,0.2355,0.1095,0.1895,2
1,0.41,0.31,0.09,0.3335,0.1635,0.061,0.091,1
1,0.365,0.27,0.085,0.196,0.0825,0.0375,0.06,2
2,0.64,0.53,0.165,1.1895,0.4765,0.3,0.35,6
2,0.65,0.525,0.185,1.488,0.665,0.337,0.378,6
0,0.63,0.49,0.17,1.2155,0.4625,0.2045,0.3105,5
0,0.48,0.38,0.12,0.608,0.2705,0.1405,0.185,3
0,0.605,0.485,0.165,1.0735,0.437,0.205,0.33,9
2,0.605,0.47,0.18,1.1405,0.3755,0.2805,0.385,10
0,0.59,0.455,0.165,1.161,0.38,0.2455,0.28,7
2,0.65,0.505,0.19,1.274,0.59,0.23,0.391,6
0,0.645,0.535,0.19,1.2395,0.468,0.2385,0.424,5
2,0.46,0.355,0.14,0.491,0.207,0.115,0.174,5
2,0.665,0.52,0.175,1.3725,0.606,0.32,0.395,7
0,0.645,0.51,0.155,1.129,0.5015,0.24,0.342,5
2,0.775,0.63,0.25,2.7795,1.3485,0.76,0.578,7
2,0.6,0.46,0.155,0.6655,0.285,0.149,0.269,6
1,0.425,0.38,0.105,0.3265,0.1285,0.0785,0.1,5
0,0.61,0.495,0.165,1.0835,0.4525,0.273,0.317,4
1,0.475,0.35,0.125,0.4225,0.1905,0.079,0.1355,4
2,0.645,0.515,0.175,1.6115,0.6745,0.384,0.385,9
2,0.73,0.585,0.225,2.2305,1.2395,0.422,0.563,9
1,0.355,0.285,0.095,0.2275,0.0955,0.0475,0.0715,1
2,0.625,0.5,0.14,1.096,0.5445,0.2165,0.295,5
1,0.405,0.305,0.1,0.268,0.1145,0.053,0.085,2
1,0.47,0.37,0.11,0.5555,0.25,0.115,0.163,3
2,0.615,0.495,0.2,1.304,0.5795,0.3115,0.371,9
1,0.475,0.365,0.1,0.1315,0.2025,0.0875,0.123,2
2,0.565,0.43,0.15,0.831,0.4245,0.1735,0.219,5
1,0.275,0.215,0.075,0.1155,0.0485,0.029,0.035,2
2,0.48,0.375,0.145,0.777,0.216,0.13,0.17,4
0,0.6,0.47,0.17,1.0805,0.4995,0.2245,0.3205,4
0,0.61,0.46,0.145,1.1185,0.478,0.2945,0.2985,5
0,0.675,0.51,0.15,1.1965,0.475,0.304,0.386,6
1,0.585,0.45,0.135,0.855,0.3795,0.187,0.26,4
0,0.62,0.51,0.175,1.2705,0.5415,0.323,0.3225,4
1,0.53,0.41,0.15,0.612,0.2435,0.1525,0.1895,6
0,0.61,0.49,0.17,1.3475,0.7045,0.25,0.3045,6
1,0.56,0.425,0.135,0.8205,0.3715,0.185,0.236,4
2,0.57,0.465,0.125,0.849,0.3785,0.1765,0.24,10
1,0.52,0.395,0.115,0.6445,0.3155,0.1245,0.186,6
1,0.495,0.37,0.125,0.4715,0.2075,0.091,0.15,3
2,0.69,0.525,0.175,1.7005,0.8255,0.362,0.405,3
0,0.69,0.54,0.185,1.5715,0.6935,0.318,0.47,10
2,0.635,0.52,0.175,1.292,0.6,0.269,0.367,6
1,0.37,0.29,0.09,0.2445,0.089,0.0655,0.075,2
0,0.5,0.385,0.115,0.6785,0.2945,0.138,0.195,7
1,0.585,0.47,0.17,0.985,0.3695,0.2395,0.315,5
1,0.52,0.41,0.14,0.6625,0.2775,0.1555,0.196,6
2,0.555,0.44,0.15,1.092,0.416,0.212,0.4405,10
0,0.585,0.475,0.185,0.9585,0.4145,0.1615,0.33,6
0,0.42,0.33,0.125,0.463,0.186,0.11,0.145,5
1,0.485,0.37,0.115,0.637,0.38,0.1335,0.128,2
1,0.295,0.215,0.075,0.116,0.037,0.0295,0.04,3
1,0.445,0.35,0.13,0.4195,0.1695,0.0945,0.1195,2
1,0.36,0.285,0.105,0.2415,0.0915,0.057,0.075,2
2,0.6,0.48,0.155,1.014,0.451,0.1885,0.325,6
2,0.535,0.405,0.14,0.7315,0.336,0.156,0.19,2
1,0.46,0.36,0.14,0.447,0.161,0.087,0.16,4
1,0.385,0.3,0.09,0.247,0.1225,0.044,0.0675,0
1,0.415,0.335,0.1,0.358,0.169,0.067,0.105,2
1,0.62,0.49,0.16,1.066,0.446,0.246,0.305,6
1,0.41,0.335,0.11,0.33,0.157,0.0705,0.17,2
2,0.62,0.505,0.185,1.5275,0.69,0.368,0.35,8
2,0.625,0.48,0.185,1.2065,0.587,0.29,0.286,3
0,0.61,0.485,0.165,1.087,0.4255,0.232,0.38,6
1,0.515,0.36,0.125,0.4725,0.1815,0.125,0.138,4
0,0.51,0.375,0.11,0.5805,0.2865,0.118,0.148,2
0,0.605,0.475,0.145,1.0185,0.4695,0.225,0.27,10
2,0.295,0.225,0.09,0.1385,0.048,0.046,0.05,4
2,0.42,0.34,0.125,0.4495,0.165,0.1125,0.144,6
1,0.405,0.3,0.09,0.2885,0.138,0.0635,0.0765,1
2,0.47,0.365,0.135,0.522,0.2395,0.1525,0.145,5
2,0.615,0.47,0.175,1.242,0.5675,0.287,0.317,6
0,0.58,0.425,0.155,0.873,0.3615,0.249,0.239,5
2,0.58,0.455,0.15,1.012,0.4985,0.2115,0.2835,5
2,0.58,0.45,0.175,1.068,0.425,0.203,0.32,8
2,0.415,0.315,0.115,0.3895,0.2015,0.065,0.103,4
0,0.53,0.435,0.17,0.8155,0.2985,0.155,0.275,8
0,0.555,0.44,0.155,1.016,0.4935,0.1855,0.263,5
1,0.5,0.38,0.135,0.594,0.2945,0.104,0.1565,4
1,0.46,0.35,0.115,0.4155,0.18,0.098,0.1175,2
1,0.4,0.3,0.09,0.2815,0.1185,0.061,0.08,2
1,0.515,0.4,0.14,0.7165,0.3495,0.1595,0.1785,3
1,0.52,0.38,0.115,0.6645,0.3285,0.17,0.1425,2
2,0.465,0.355,0.12,0.5315,0.2725,0.097,0.1395,3
1,0.43,0.335,0.105,0.378,0.188,0.0785,0.09,1
2,0.495,0.395,0.125,0.5415,0.2375,0.1345,0.155,4
1,0.255,0.185,0.07,0.075,0.028,0.018,0.025,1
2,0.59,0.45,0.12,0.7485,0.3345,0.1315,0.22,9
2,0.49,0.38,0.135,0.5415,0.2175,0.095,0.19,6
2,0.68,0.535,0.185,1.607,0.7245,0.3215,0.498,7
1,0.5,0.39,0.12,0.5955,0.2455,0.147,0.173,3
0,0.61,0.47,0.145,1.153,0.403,0.296,0.32,9
2,0.47,0.375,0.13,0.5795,0.2145,0.164,0.195,8
0,0.75,0.615,0.205,2.2635,0.821,0.423,0.726,7
2,0.66,0.51,0.165,1.6375,0.7685,0.3545,0.3925,9
0,0.67,0.54,0.2,1.46,0.6435,0.328,0.4165,4
2,0.57,0.435,0.145,0.9055,0.3925,0.2355,0.275,5
1,0.565,0.43,0.125,0.6545,0.2815,0.139,0.21,4
0,0.5,0.4,0.145,0.63,0.234,0.1465,0.23,7
2,0.55,0.41,0.125,0.7605,0.2505,0.1635,0.195,9
2,0.58,0.43,0.13,0.798,0.365,0.173,0.2285,5
2,0.59,0.46,0.14,1.004,0.496,0.2165,0.26,4
1,0.33,0.25,0.105,0.1715,0.0655,0.035,0.06,2
0,0.635,0.495,0.18,1.596,0.617,0.317,0.37,6
0,0.565,0.45,0.16,0.795,0.3605,0.1555,0.23,7
2,0.735,0.59,0.205,2.087,0.909,0.474,0.625,7
2,0.415,0.315,0.12,0.4015,0.199,0.087,0.097,3
2,0.41,0.325,0.12,0.3745,0.158,0.081,0.125,7
0,0.685,0.54,0.215,1.7025,0.664,0.3655,0.4735,9
1,0.33,0.24,0.075,0.163,0.0745,0.033,0.048,1
0,0.42,0.32,0.13,0.4135,0.1645,0.106,0.119,5
1,0.58,0.42,0.14,0.701,0.3285,0.102,0.2255,4
2,0.62,0.46,0.17,1.127,0.535,0.2635,0.296,2
0,0.505,0.4,0.165,0.729,0.2675,0.155,0.25,4
1,0.48,0.37,0.125,0.5435,0.244,0.101,0.165,4
2,0.52,0.41,0.115,0.77,0.263,0.157,0.26,6
0,0.58,0.475,0.155,0.974,0.4305,0.23,0.285,5
1,0.495,0.375,0.14,0.494,0.181,0.0975,0.191,3
0,0.6,0.475,0.135,1.4405,0.5885,0.191,0.3175,4
0,0.605,0.485,0.16,1.0565,0.37,0.2355,0.355,5
0,0.445,0.335,0.14,0.4565,0.1785,0.114,0.14,6
1,0.345,0.255,0.095,0.183,0.075,0.0385,0.06,1
2,0.67,0.545,0.2,1.7025,0.833,0.374,0.41,6
1,0.36,0.27,0.085,0.2185,0.1065,0.038,0.062,1
1,0.66,0.525,0.18,1.6935,0.6025,0.4005,0.42,10
0,0.53,0.43,0.15,0.741,0.325,0.1855,0.196,4
0,0.62,0.51,0.175,1.1255,0.4985,0.227,0.315,9
1,0.57,0.44,0.13,0.7665,0.347,0.1785,0.202,5
0,0.585,0.435,0.175,0.982,0.4055,0.2495,0.27,5
0,0.71,0.56,0.18,1.652,0.735,0.381,0.4525,6
2,0.595,0.47,0.165,1.108,0.4915,0.2325,0.3345,4
1,0.33,0.25,0.075,0.1405,0.056,0.035,0.05,0
2,0.285,0.215,0.075,0.106,0.0415,0.023,0.035,0
0,0.635,0.505,0.17,1.2635,0.512,0.322,0.355,4
0,0.455,0.35,0.14,0.5725,0.1965,0.1325,0.175,5
0,0.515,0.395,0.135,0.516,0.2015,0.132,0.162,4
1,0.37,0.27,0.095,0.2175,0.097,0.046,0.065,1
1,0.24,0.175,0.045,0.07,0.0315,0.0235,0.02,0
2,0.48,0.375,0.115,0.6765,0.3205,0.1065,0.17,1
2,0.62,0.465,0.185,1.274,0.579,0.3065,0.32,7
2,0.58,0.46,0.15,1.049,0.5205,0.1935,0.305,5
0,0.655,0.49,0.16,1.204,0.5455,0.2615,0.3225,4
1,0.425,0.325,0.105,0.3975,0.1815,0.081,0.1175,2
1,0.405,0.3,0.085,0.3035,0.15,0.0505,0.088,2
0,0.655,0.52,0.175,1.472,0.6275,0.27,0.45,8
2,0.735,0.59,0.215,1.747,0.7275,0.403,0.557,6
1,0.455,0.345,0.11,0.434,0.207,0.0855,0.1215,3
1,0.5,0.395,0.14,0.6215,0.2925,0.1205,0.195,4
1,0.575,0.45,0.145,0.795,0.364,0.1505,0.26,5
2,0.53,0.425,0.155,0.7905,0.307,0.171,0.2595,4
1,0.365,0.27,0.075,0.2215,0.095,0.0445,0.07,1
2,0.565,0.465,0.175,0.995,0.3895,0.183,0.37,10
2,0.66,0.515,0.155,1.4415,0.7055,0.3555,0.335,5
0,0.675,0.53,0.195,1.4985,0.62,0.375,0.425,4
1,0.445,0.335,0.1,0.4895,0.2745,0.086,0.1105,2
1,0.45,0.35,0.11,0.514,0.253,0.1045,0.14,3
0,0.595,0.495,0.185,1.285,0.416,0.224,0.485,8
1,0.475,0.35,0.11,0.4565,0.206,0.099,0.13,1
1,0.365,0.27,0.105,0.2155,0.0915,0.0475,0.063,1
1,0.57,0.45,0.145,0.751,0.2825,0.2195,0.2215,5
0,0.435,0.35,0.11,0.384,0.143,0.1005,0.125,8
1,0.43,0.315,0.115,0.384,0.1885,0.0715,0.11,3
2,0.62,0.49,0.16,1.035,0.44,0.2525,0.285,6
1,0.455,0.34,0.115,0.486,0.261,0.0655,0.1315,3
2,0.5,0.37,0.15,1.0615,0.494,0.223,0.296,4
2,0.53,0.41,0.165,0.732,0.189,0.17,0.31,6
0,0.61,0.495,0.175,1.2635,0.53,0.315,0.3455,5
1,0.34,0.25,0.07,0.2225,0.104,0.0425,0.055,2
1,0.44,0.34,0.105,0.369,0.164,0.08,0.1015,0
0,0.6,0.48,0.18,1.0645,0.4495,0.2455,0.325,5
0,0.57,0.445,0.155,1.017,0.5265,0.2025,0.265,5
2,0.595,0.475,0.14,0.944,0.3625,0.189,0.315,4
2,0.62,0.475,0.185,1.325,0.6045,0.325,0.33,8
2,0.335,0.25,0.09,0.181,0.0755,0.0415,0.06,2
2,0.575,0.455,0.145,1.165,0.581,0.2275,0.3,9
2,0.58,0.44,0.16,0.8295,0.3365,0.2005,0.2485,4
1,0.39,0.3,0.09,0.252,0.1065,0.053,0.08,2
1,0.535,0.41,0.155,0.6315,0.2745,0.1415,0.1815,7
1,0.52,0.405,0.14,0.6765,0.2865,0.146,0.205,10
0,0.485,0.365,0.14,0.6195,0.2595,0.1445,0.177,9
2,0.615,0.475,0.205,1.337,0.5995,0.2815,0.37,6
2,0.62,0.47,0.135,1.0195,0.5315,0.2005,0.2475,3
1,0.435,0.3,0.12,0.5965,0.259,0.139,0.1645,3
1,0.515,0.39,0.14,0.5555,0.2,0.1135,0.2235,7
2,0.665,0.505,0.16,1.289,0.6145,0.253,0.3665,6
2,0.565,0.45,0.155,1.0595,0.4735,0.24,0.265,5
1,0.54,0.405,0.15,0.7585,0.307,0.2075,0.19,5
1,0.54,0.425,0.13,0.7205,0.2955,0.169,0.225,5
2,0.38,0.3,0.1,0.2505,0.106,0.0535,0.0775,3
0,0.545,0.43,0.165,0.802,0.2935,0.183,0.28,6
2,0.685,0.55,0.19,1.885,0.89,0.41,0.4895,5
1,0.605,0.47,0.14,0.939,0.3385,0.201,0.32,8
1,0.49,0.375,0.125,0.5445,0.279,0.115,0.13,3
2,0.73,0.575,0.21,2.069,0.9285,0.409,0.643,6
2,0.67,0.535,0.19,1.669,0.7465,0.2935,0.508,6
0,0.525,0.43,0.165,0.717,0.289,0.1745,0.195,5
2,0.645,0.515,0.24,1.5415,0.471,0.369,0.535,8
2,0.63,0.495,0.18,1.31,0.495,0.295,0.4695,5
2,0.68,0.54,0.19,1.623,0.7165,0.354,0.4715,7
1,0.475,0.385,0.11,0.5735,0.311,0.1025,0.136,2
2,0.67,0.54,0.195,1.217,0.532,0.2735,0.3315,6
0,0.62,0.48,0.16,1.1125,0.5635,0.2445,0.281,3
1,0.48,0.37,0.12,0.536,0.251,0.114,0.15,3
0,0.705,0.555,0.195,1.7525,0.7105,0.4215,0.516,7
2,0.65,0.495,0.18,1.793,0.8005,0.339,0.53,9
2,0.59,0.47,0.15,0.861,0.413,0.164,0.249,3
1,0.51,0.405,0.125,0.6795,0.3465,0.1395,0.182,3
1,0.345,0.265,0.1,0.2455,0.111,0.0535,0.065,2
1,0.355,0.27,0.075,0.1775,0.079,0.0315,0.054,1
1,0.52,0.41,0.11,0.5185,0.2165,0.0915,0.184,3
2,0.545,0.44,0.165,0.744,0.2875,0.204,0.25,10
0,0.73,0.555,0.18,1.6895,0.6555,0.1965,0.4935,5
0,0.62,0.475,0.16,1.1295,0.463,0.2685,0.33,5
0,0.5,0.37,0.135,0.45,0.1715,0.1055,0.155,4
1,0.545,0.405,0.135,0.5945,0.27,0.1185,0.185,3
1,0.385,0.28,0.085,0.2175,0.097,0.038,0.067,3
2,0.56,0.42,0.15,0.8755,0.44,0.1965,0.2315,3
2,0.505,0.405,0.11,0.625,0.305,0.16,0.175,4
2,0.61,0.485,0.145,1.3305,0.783,0.2255,0.2865,4
2,0.605,0.475,0.18,0.9365,0.394,0.219,0.295,10
0,0.575,0.425,0.15,0.8765,0.455,0.18,0.228,3
2,0.685,0.505,0.19,1.533,0.667,0.4055,0.41,5
1,0.525,0.39,0.105,0.567,0.2875,0.1075,0.16,3
1,0.35,0.28,0.075,0.196,0.082,0.04,0.064,3
0,0.345,0.26,0.09,0.207,0.0775,0.0435,0.0765,5
0,0.63,0.51,0.185,1.235,0.5115,0.349,0.3065,6
0,0.625,0.48,0.2,1.3235,0.6075,0.3055,0.355,4
0,0.58,0.48,0.18,1.2495,0.4945,0.27,0.371,3
2,0.63,0.48,0.165,1.286,0.604,0.271,0.35,3
1,0.415,0.31,0.105,0.3595,0.167,0.083,0.0915,1
2,0.6,0.495,0.175,1.29,0.606,0.276,0.3445,6
0,0.565,0.445,0.155,0.826,0.341,0.2055,0.2475,5
0,0.625,0.515,0.18,1.3485,0.5255,0.252,0.3925,9
0,0.68,0.52,0.185,1.541,0.5985,0.395,0.4575,5
2,0.495,0.38,0.135,0.6295,0.263,0.1425,0.215,7
0,0.54,0.42,0.13,0.7505,0.368,0.1675,0.1845,4
2,0.625,0.485,0.16,1.2135,0.631,0.2235,0.302,4
0,0.47,0.365,0.12,0.543,0.2295,0.1495,0.15,4
1,0.44,0.345,0.115,0.545,0.269,0.111,0.1305,1
2,0.72,0.575,0.215,2.173,0.9515,0.564,0.5365,7
1,0.355,0.265,0.085,0.2435,0.122,0.0525,0.06,1
2,0.53,0.41,0.14,0.681,0.3095,0.1415,0.1835,1
1,0.56,0.44,0.13,0.7235,0.349,0.149,0.2,3
0,0.47,0.365,0.105,0.4205,0.163,0.1035,0.14,4
1,0.315,0.23,0,0.134,0.0575,0.0285,0.3505,1
2,0.61,0.475,0.155,0.983,0.4565,0.228,0.266,5
0,0.6,0.46,0.15,1.235,0.6025,0.274,0.29,3
0,0.685,0.535,0.175,1.5845,0.7175,0.3775,0.4215,4
2,0.595,0.48,0.14,0.9125,0.4095,0.1825,0.289,4
0,0.675,0.535,0.185,1.5575,0.7035,0.402,0.4,6
1,0.36,0.27,0.09,0.219,0.097,0.0405,0.065,1
0,0.485,0.395,0.16,0.66,0.2475,0.128,0.235,9
0,0.55,0.43,0.15,0.84,0.395,0.195,0.223,3
0,0.565,0.44,0.135,0.83,0.393,0.1735,0.238,4
